player_id,game_id,game_date,matchup,team_abbreviation,minutes,points,assists,rebounds,steals,blocks,turnovers,avg_points_last5,avg_assists_last5,avg_rebounds_last5,avg_minutes_last5,fgm,fga,fg3m,fg3a,avg_fg3m_last5,avg_fg3a_last5,fg3_pct_last5
2544,22500607,2026-01-18,LAL vs. TOR,LAL,32.0,24.0,7.0,4.0,0.0,2.0,3.0,21.4,5.8,6.2,34.4,,,,,,,
101108,22500313,2025-12-01,LAC @ MIA,,15.0,8.0,3.0,0.0,0.0,0.0,1.0,8.0,3.0,0.0,15.0,,,,,,,
200768,22500560,2026-01-12,PHI @ TOR,PHI,2.0,0.0,0.0,0.0,0.0,0.0,0.0,0.0,0.0,0.0,2.0,,,,,,,
201142,22500591,2026-01-16,HOU vs. MIN,HOU,40.0,39.0,7.0,4.0,2.0,1.0,5.0,31.6,4.4,6.0,40.2,,,,,4.0,8.0,0.5
201143,22500584,2026-01-15,GSW vs. NYK,GSW,21.0,5.0,5.0,5.0,1.0,2.0,1.0,7.0,3.0,6.5,22.25,,,,,1.6666666666666667,5.0,0.33333333333333337
201144,22500306,2025-11-30,MIN vs. SAS,MIN,17.0,5.0,4.0,3.0,0.0,0.0,0.0,2.4,2.2,2.4,16.8,,,,,0.25,2.5,0.1
201145,22500581,2026-01-15,HOU vs. OKC,HOU,4.0,3.0,0.0,2.0,0.0,0.0,0.0,3.0,0.0,2.0,4.0,,,,,,,
201566,22500307,2025-11-30,SAC vs. MEM,,20.0,3.0,7.0,6.0,2.0,0.0,3.0,14.4,4.8,3.6,27.0,,,,,2.0,6.75,0.2962962962962963
201567,22500558,2026-01-12,UTA @ CLE,UTA,18.0,11.0,2.0,3.0,0.0,0.0,2.0,7.333333333333333,1.6666666666666667,6.0,17.333333333333332,,,,,1.0,2.0,0.5
201569,22500410,2025-12-23,PHI vs. BKN,PHI,17.0,12.0,0.0,0.0,1.0,1.0,0.0,12.0,0.0,0.0,17.0,,,,,,,
201572,22500590,2026-01-16,LAC @ TOR,LAC,13.0,3.0,0.0,1.0,0.0,0.0,1.0,4.4,0.8,1.8,16.0,,,,,0.75,3.5,0.21428571428571427
201587,22500300,2025-11-29,LAC vs. DAL,LAC,28.0,0.0,0.0,4.0,1.0,0.0,2.0,1.2,0.8,2.6,18.2,,,,,0.5,2.5,0.2
201599,22500134,2025-10-29,NOP @ DEN,NOP,12.0,2.0,0.0,5.0,0.0,0.0,1.0,2.0,0.0,5.0,12.0,,,,,,,
201935,22500590,2026-01-16,LAC @ TOR,LAC,42.0,31.0,10.0,2.0,1.0,1.0,4.0,25.6,8.6,5.4,35.8,,,,,2.0,6.25,0.32
201939,22500584,2026-01-15,GSW vs. NYK,GSW,34.0,27.0,7.0,3.0,1.0,1.0,3.0,25.2,5.8,3.0,29.8,,,,,4.5,10.5,0.42857142857142855
201942,22500307,2025-11-30,SAC vs. MEM,SAC,35.0,23.0,4.0,1.0,3.0,1.0,0.0,18.2,3.6,2.0,30.4,,,,,0.25,1.25,0.2
201950,22500585,2026-01-15,POR vs. ATL,POR,21.0,12.0,4.0,4.0,3.0,0.0,1.0,15.5,5.25,2.5,21.5,,,,,3.0,6.666666666666667,0.44999999999999996
202066,22500560,2026-01-12,TOR vs. PHI,,2.0,0.0,0.0,0.0,0.0,0.0,0.0,0.0,0.5,0.0,2.0,,,,,0.0,0.0,
202331,22500589,2026-01-16,PHI vs. CLE,PHI,30.0,14.0,5.0,4.0,2.0,0.0,1.0,11.0,3.6666666666666665,5.333333333333333,33.0,,,,,1.0,4.0,0.25
202685,22500468,2025-12-31,DEN @ TOR,,23.0,17.0,4.0,9.0,1.0,3.0,1.0,16.5,3.0,9.0,22.5,,,,,0.0,1.0,0.0
202687,22500523,2026-01-07,SAS vs. LAL,SAS,1.0,0.0,0.0,0.0,0.0,0.0,0.0,0.0,0.0,0.0,1.0,,,,,,,
202691,22500300,2025-11-29,DAL @ LAC,,26.0,23.0,1.0,3.0,0.0,0.0,0.0,12.25,1.0,3.75,21.0,,,,,2.6666666666666665,6.0,0.4444444444444444
202695,22500577,2026-01-14,LAC vs. WAS,LAC,30.0,33.0,4.0,3.0,4.0,0.0,1.0,28.333333333333332,3.3333333333333335,4.333333333333333,27.0,,,,,2.5,7.0,0.35714285714285715
202696,22500587,2026-01-16,CHI @ BKN,,33.0,19.0,5.0,6.0,0.0,2.0,1.0,16.4,4.6,8.0,33.4,,,,,1.5,2.75,0.5454545454545454
202699,22500579,2026-01-15,DET vs. PHX,DET,29.0,16.0,2.0,7.0,5.0,0.0,0.0,14.2,2.0,3.8,29.0,,,,,2.25,5.75,0.391304347826087
202710,22500584,2026-01-15,GSW vs. NYK,GSW,32.0,32.0,4.0,8.0,2.0,0.0,0.0,24.5,4.0,5.5,26.5,,,,,0.0,1.0,0.0
203076,22500531,2026-01-08,DAL @ UTA,DAL,35.0,21.0,4.0,11.0,1.0,1.0,2.0,21.0,4.0,11.0,35.0,,,,,,,
203078,22500190,2025-11-08,LAC vs. PHX,LAC,20.0,12.0,3.0,0.0,1.0,0.0,1.0,12.0,3.0,0.0,20.0,,,,,,,
203083,22500572,2026-01-14,PHI vs. CLE,PHI,12.0,7.0,0.0,9.0,0.0,0.0,1.0,6.333333333333333,0.6666666666666666,10.333333333333334,17.666666666666668,,,,,0.0,1.0,0.0
203084,22500582,2026-01-15,SAS vs. MIL,SAS,16.0,6.0,3.0,0.0,0.0,0.0,1.0,5.8,2.4,1.0,20.8,,,,,1.0,3.75,0.26666666666666666
203110,22500584,2026-01-15,GSW vs. NYK,GSW,27.0,6.0,3.0,5.0,0.0,0.0,2.0,4.5,4.5,5.0,23.75,,,,,0.0,2.6666666666666665,0.0
203114,22500577,2026-01-14,WAS @ LAC,,27.0,17.0,5.0,3.0,1.0,0.0,2.0,12.333333333333334,3.3333333333333335,3.3333333333333335,27.666666666666668,,,,,1.5,5.5,0.2727272727272727
203468,22500585,2026-01-15,ATL @ POR,ATL,29.0,20.0,4.0,3.0,1.0,1.0,1.0,19.2,4.0,3.6,27.2,,,,,3.0,5.5,0.5454545454545454
203471,22500592,2026-01-16,SAC vs. WAS,,20.0,15.0,5.0,1.0,0.0,0.0,1.0,14.2,4.2,1.8,23.0,,,,,1.25,3.5,0.35714285714285715
203482,22500582,2026-01-15,SAS vs. MIL,,10.0,4.0,1.0,0.0,1.0,0.0,0.0,2.0,0.3333333333333333,0.3333333333333333,8.333333333333334,,,,,0.0,1.0,0.0
203484,22500307,2025-11-30,MEM @ SAC,MEM,20.0,13.0,3.0,3.0,0.0,0.0,5.0,9.25,2.5,3.5,19.75,,,,,0.6666666666666666,3.6666666666666665,0.18181818181818182
203486,22500402,2025-12-22,CHA @ CLE,,10.0,5.0,0.0,5.0,0.0,0.0,3.0,5.0,0.0,5.0,10.0,,,,,,,
203497,22500306,2025-11-30,MIN vs. SAS,MIN,24.0,8.0,2.0,8.0,0.0,0.0,0.0,9.6,1.2,10.2,29.2,,,,,0.0,0.0,
203500,22500581,2026-01-15,HOU vs. OKC,HOU,25.0,6.0,0.0,11.0,0.0,2.0,0.0,6.0,0.0,11.0,25.0,,,,,,,
203501,22500575,2026-01-14,DEN @ DAL,DEN,36.0,12.0,4.0,3.0,2.0,0.0,0.0,10.25,2.0,3.0,28.25,,,,,1.0,7.333333333333333,0.13636363636363638
203507,22500582,2026-01-15,MIL @ SAS,MIL,22.0,21.0,1.0,5.0,2.0,0.0,3.0,20.75,5.25,12.25,28.75,,,,,0.0,0.3333333333333333,0.0
203648,22500582,2026-01-15,MIL @ SAS,MIL,4.0,2.0,1.0,0.0,1.0,0.0,1.0,1.0,0.5,0.0,3.0,,,,,0.0,1.0,0.0
203897,22500592,2026-01-16,SAC vs. WAS,SAC,32.0,16.0,3.0,2.0,1.0,2.0,0.0,15.75,3.25,1.0,28.75,,,,,2.3333333333333335,5.666666666666667,0.4117647058823529
203903,22500584,2026-01-15,NYK @ GSW,NYK,18.0,11.0,1.0,2.0,0.0,0.0,1.0,5.0,1.0,1.6666666666666667,10.666666666666666,,,,,0.0,1.5,0.0
203914,22500582,2026-01-15,MIL @ SAS,MIL,21.0,3.0,0.0,2.0,0.0,0.0,1.0,3.0,1.25,1.75,18.25,,,,,0.6666666666666666,2.0,0.3333333333333333
203924,22500585,2026-01-15,POR vs. ATL,POR,23.0,16.0,3.0,2.0,0.0,2.0,1.0,13.75,2.0,1.5,24.75,,,,,0.6666666666666666,4.333333333333333,0.15384615384615385
203926,22500515,2026-01-06,SAC vs. DAL,SAC,5.0,0.0,0.0,0.0,0.0,0.0,0.0,0.0,0.0,0.0,5.0,,,,,,,
203932,22500575,2026-01-14,DEN @ DAL,DEN,30.0,22.0,3.0,6.0,0.0,1.0,0.0,17.25,4.0,5.25,27.75,,,,,1.3333333333333333,4.0,0.3333333333333333
203935,22500586,2026-01-15,LAL vs. CHA,,32.0,10.0,3.0,4.0,2.0,0.0,0.0,12.0,2.4,3.0,31.4,,,,,1.75,4.5,0.3888888888888889
203937,22500583,2026-01-15,UTA @ DAL,UTA,26.0,12.0,6.0,6.0,1.0,1.0,1.0,5.333333333333333,2.6666666666666665,2.6666666666666665,19.333333333333332,,,,,0.0,0.5,0.0
203939,22500583,2026-01-15,DAL vs. UTA,,25.0,6.0,0.0,7.0,2.0,2.0,2.0,4.5,1.25,7.75,26.0,,,,,0.0,0.0,
203944,22500306,2025-11-30,MIN vs. SAS,,36.0,22.0,12.0,6.0,1.0,0.0,1.0,20.0,5.8,5.4,31.8,,,,,1.25,5.0,0.25
203952,22500580,2026-01-15,MIA vs. BOS,,35.0,16.0,4.0,8.0,0.0,0.0,1.0,15.2,3.6,6.6,29.4,,,,,1.5,4.75,0.3157894736842105
203954,22500589,2026-01-16,PHI vs. CLE,PHI,33.0,33.0,3.0,5.0,0.0,1.0,1.0,33.25,5.5,10.0,37.0,,,,,1.6666666666666667,3.0,0.5555555555555556
203991,22500591,2026-01-16,HOU vs. MIN,HOU,12.0,4.0,1.0,3.0,1.0,0.0,0.0,3.4,0.4,4.8,12.4,,,,,0.0,0.0,
203992,22500431,2025-12-26,LAC @ POR,LAC,2.0,0.0,0.0,0.0,0.0,0.0,0.0,0.0,0.0,0.0,2.0,,,,,,,
203994,22500558,2026-01-12,UTA @ CLE,,30.0,11.0,3.0,17.0,3.0,2.0,1.0,16.2,8.8,13.0,30.6,,,,,1.0,3.0,0.3333333333333333
203999,22500450,2025-12-29,DEN @ MIA,DEN,19.0,21.0,8.0,5.0,0.0,0.0,2.0,21.0,8.0,5.0,19.0,,,,,,,
204001,22500519,2026-01-07,ATL vs. NOP,,22.0,13.0,2.0,3.0,1.0,1.0,1.0,13.0,2.0,3.0,22.0,,,,,,,
204060,22500566,2026-01-13,MIN @ MIL,MIN,8.0,0.0,1.0,2.0,2.0,0.0,3.0,1.0,1.0,0.6666666666666666,6.0,,,,,0.5,0.5,1.0
204456,22500588,2026-01-16,IND vs. NOP,IND,16.0,8.0,9.0,2.0,0.0,0.0,1.0,8.8,4.2,1.6,16.2,,,,,0.0,0.75,0.0
1626145,22500072,2025-11-28,ORL @ DET,ORL,18.0,0.0,3.0,1.0,1.0,0.0,0.0,2.0,2.3333333333333335,2.0,17.333333333333332,,,,,1.0,3.5,0.2857142857142857
1626156,22500546,2026-01-10,DAL @ CHI,,19.0,8.0,4.0,2.0,0.0,0.0,2.0,8.0,4.0,2.0,19.0,,,,,,,
1626157,22500584,2026-01-15,NYK @ GSW,,31.0,17.0,2.0,20.0,1.0,1.0,2.0,15.75,2.5,13.0,24.25,,,,,1.6666666666666667,3.3333333333333335,0.5
1626162,22500589,2026-01-16,PHI vs. CLE,,26.0,12.0,1.0,2.0,1.0,0.0,1.0,18.0,1.6,3.8,32.6,,,,,2.75,5.75,0.4782608695652174
1626164,22500299,2025-11-29,PHX vs. DEN,PHX,35.0,24.0,7.0,4.0,1.0,0.0,1.0,26.5,4.5,3.75,32.5,,,,,2.6666666666666665,6.0,0.4444444444444444
1626167,22500297,2025-11-29,MIL vs. BKN,,22.0,10.0,2.0,3.0,0.0,1.0,0.0,13.666666666666666,1.6666666666666667,6.0,26.333333333333332,,,,,2.5,5.0,0.5
1626171,22500297,2025-11-29,MIL vs. BKN,,21.0,13.0,0.0,6.0,0.0,0.0,2.0,14.5,2.5,6.0,27.0,,,,,2.6666666666666665,7.0,0.38095238095238093
1626172,22500519,2026-01-07,NOP @ ATL,NOP,5.0,2.0,0.0,2.0,1.0,0.0,1.0,3.0,0.0,4.5,7.5,,,,,0.0,0.0,
1626181,22500580,2026-01-15,MIA vs. BOS,,32.0,26.0,2.0,3.0,1.0,0.0,0.0,19.0,2.4,4.0,29.4,,,,,1.5,6.75,0.2222222222222222
1626192,22500586,2026-01-15,CHA @ LAL,CHA,2.0,0.0,0.0,1.0,0.0,0.0,0.0,0.0,0.6666666666666666,1.0,4.666666666666667,,,,,0.0,0.0,
1626204,22500572,2026-01-14,CLE @ PHI,,5.0,3.0,0.0,1.0,0.0,0.0,0.0,3.0,0.25,1.75,9.5,,,,,0.3333333333333333,1.6666666666666667,0.19999999999999998
1626220,22500299,2025-11-29,PHX vs. DEN,,29.0,15.0,1.0,6.0,2.0,0.0,0.0,9.6,3.2,3.8,28.2,,,,,1.75,6.0,0.2916666666666667
1627734,22500592,2026-01-16,SAC vs. WAS,,21.0,13.0,5.0,6.0,1.0,1.0,4.0,13.75,5.5,9.75,23.5,,,,,0.3333333333333333,0.6666666666666666,0.5
1627739,22500300,2025-11-29,LAC vs. DAL,LAC,33.0,6.0,2.0,3.0,2.0,0.0,1.0,5.2,3.0,3.6,28.2,,,,,0.25,1.0,0.25
1627741,22500298,2025-11-29,GSW vs. NOP,GSW,17.0,8.0,0.0,4.0,1.0,0.0,1.0,9.6,1.2,2.0,19.4,,,,,2.0,4.5,0.4444444444444444
1627742,22500303,2025-11-30,TOR @ NYK,TOR,32.0,14.0,4.0,1.0,0.0,0.0,5.0,18.4,4.0,4.0,34.8,,,,,2.0,4.75,0.42105263157894735
1627747,22500579,2026-01-15,DET vs. PHX,DET,16.0,2.0,3.0,3.0,2.0,0.0,2.0,2.0,2.0,3.0,16.5,,,,,0.0,4.0,0.0
1627750,22500575,2026-01-14,DEN @ DAL,,38.0,33.0,5.0,2.0,0.0,0.0,3.0,28.333333333333332,7.0,2.6666666666666665,36.666666666666664,,,,,3.0,6.5,0.46153846153846156
1627751,22500397,2025-12-21,TOR @ BKN,,7.0,2.0,0.0,2.0,0.0,0.0,1.0,2.0,0.0,2.0,7.0,,,,,,,
1627752,22500165,2025-11-04,MIL @ TOR,,21.0,0.0,1.0,0.0,0.0,0.0,1.0,0.0,1.0,0.0,21.0,,,,,,,
1627759,22500302,2025-11-30,BOS @ CLE,BOS,38.0,19.0,11.0,12.0,1.0,0.0,6.0,25.8,7.4,9.6,38.2,,,,,2.0,5.75,0.34782608695652173
1627780,22500298,2025-11-29,GSW vs. NOP,,25.0,19.0,3.0,11.0,0.0,0.0,1.0,7.2,0.8,3.2,14.8,,,,,0.5,1.25,0.4
1627783,22500588,2026-01-16,IND vs. NOP,,34.0,27.0,5.0,6.0,0.0,1.0,1.0,26.0,5.2,7.4,34.8,,,,,3.0,7.5,0.4
1627824,22500584,2026-01-15,NYK @ GSW,,4.0,0.0,0.0,1.0,0.0,0.0,0.0,0.5,0.25,0.75,5.25,,,,,0.0,0.6666666666666666,0.0
1627826,22500300,2025-11-29,LAC vs. DAL,,38.0,19.0,4.0,11.0,1.0,1.0,2.0,14.8,1.4,12.6,29.0,,,,,0.0,0.0,
1627827,22500591,2026-01-16,HOU vs. MIN,HOU,16.0,0.0,0.0,3.0,1.0,0.0,0.0,2.75,1.0,2.0,15.5,,,,,1.0,3.0,0.3333333333333333
1627884,22500493,2026-01-03,LAC vs. BOS,LAC,25.0,19.0,2.0,4.0,0.0,1.0,1.0,19.0,2.0,4.0,25.0,,,,,,,
1627936,22500581,2026-01-15,OKC @ HOU,OKC,18.0,5.0,2.0,4.0,2.0,1.0,1.0,3.0,2.0,2.5,12.5,,,,,0.0,4.0,0.0
1628366,22500589,2026-01-16,CLE @ PHI,CLE,12.0,0.0,1.0,3.0,1.0,0.0,0.0,2.25,1.25,3.0,14.0,,,,,1.0,3.0,0.3333333333333333
1628368,22500582,2026-01-15,SAS vs. MIL,SAS,23.0,18.0,4.0,4.0,0.0,0.0,4.0,17.8,5.8,3.8,31.6,,,,,3.25,5.75,0.5652173913043478
1628370,22500592,2026-01-16,SAC vs. WAS,,16.0,4.0,3.0,2.0,0.0,0.0,3.0,14.8,3.4,2.0,25.2,,,,,3.5,7.0,0.5
1628371,22500548,2026-01-11,ORL vs. NOP,ORL,9.0,0.0,1.0,0.0,0.0,0.0,0.0,0.0,1.0,0.6666666666666666,6.0,,,,,0.0,0.0,
1628374,22500558,2026-01-12,UTA @ CLE,UTA,36.0,28.0,2.0,12.0,1.0,1.0,1.0,28.0,2.0,12.0,36.0,,,,,,,
1628378,22500589,2026-01-16,CLE @ PHI,,39.0,13.0,12.0,9.0,1.0,0.0,6.0,30.2,7.8,5.2,36.6,,,,,3.5,9.0,0.3888888888888889
1628379,22500585,2026-01-15,ATL @ POR,ATL,19.0,5.0,0.0,0.0,1.0,0.0,1.0,9.4,2.0,3.0,20.0,,,,,2.5,3.0,0.8333333333333334
1628380,22500437,2025-12-27,CHI vs. MIL,CHI,24.0,10.0,2.0,10.0,0.0,0.0,0.0,10.0,2.0,10.0,24.0,,,,,,,
1628381,22500300,2025-11-29,LAC vs. DAL,LAC,36.0,21.0,1.0,4.0,0.0,3.0,1.0,17.2,0.8,3.6,29.0,,,,,2.25,4.25,0.5294117647058824
1628384,22500584,2026-01-15,NYK @ GSW,NYK,37.0,25.0,1.0,4.0,1.0,0.0,1.0,15.5,2.5,5.5,33.5,,,,,1.0,2.3333333333333335,0.42857142857142855
1628386,22500589,2026-01-16,CLE @ PHI,CLE,33.0,10.0,1.0,7.0,1.0,0.0,2.0,11.0,0.6,7.0,32.0,,,,,0.0,0.25,0.0
1628389,22500580,2026-01-15,MIA vs. BOS,MIA,33.0,22.0,5.0,4.0,0.0,0.0,1.0,25.4,3.0,8.6,32.6,,,,,2.75,7.0,0.39285714285714285
1628392,22500442,2025-12-28,OKC vs. PHI,OKC,20.0,5.0,3.0,3.0,1.0,1.0,2.0,5.0,3.0,3.0,20.0,,,,,,,
1628396,22500588,2026-01-16,IND vs. NOP,IND,19.0,3.0,3.0,9.0,0.0,2.0,0.0,3.25,0.75,4.75,10.75,,,,,0.0,0.0,
1628398,22500297,2025-11-29,MIL vs. BKN,MIL,22.0,11.0,3.0,1.0,3.0,0.0,1.0,10.25,2.5,4.0,29.0,,,,,0.6666666666666666,4.0,0.16666666666666666
1628401,22500580,2026-01-15,BOS @ MIA,,36.0,8.0,5.0,6.0,0.0,2.0,2.0,11.6,5.2,6.2,35.4,,,,,1.5,6.25,0.24
1628404,22500584,2026-01-15,NYK @ GSW,NYK,37.0,5.0,10.0,5.0,0.0,0.0,1.0,8.5,5.75,8.25,31.75,,,,,1.3333333333333333,3.0,0.4444444444444444
1628415,22500579,2026-01-15,PHX @ DET,PHX,28.0,16.0,1.0,1.0,0.0,0.0,2.0,17.2,1.6,4.4,32.4,,,,,2.25,5.5,0.4090909090909091
1628418,22500572,2026-01-14,CLE @ PHI,CLE,5.0,4.0,0.0,1.0,0.0,0.0,0.0,2.6666666666666665,0.3333333333333333,1.3333333333333333,6.0,,,,,0.5,1.0,0.5
1628420,22500242,2025-11-17,IND @ DET,,2.0,2.0,0.0,0.0,0.0,0.0,1.0,2.0,0.0,0.0,2.0,,,,,,,
1628436,22500582,2026-01-15,SAS vs. MIL,SAS,20.0,10.0,1.0,4.0,0.0,0.0,0.0,7.5,1.75,6.25,21.5,,,,,0.0,0.0,
1628449,22500277,2025-11-23,BOS vs. ORL,BOS,14.0,1.0,1.0,1.0,1.0,2.0,0.0,1.0,1.0,1.0,14.0,,,,,,,
1628467,22500562,2026-01-12,LAL @ SAC,LAL,2.0,0.0,1.0,0.0,0.0,0.0,0.0,0.0,1.0,0.0,2.0,,,,,,,
1628502,22500555,2026-01-11,PHX vs. WAS,PHX,3.0,2.0,0.0,1.0,0.0,0.0,0.0,1.0,0.0,1.0,3.0,,,,,0.0,1.0,0.0
1628960,22500579,2026-01-15,PHX @ DET,PHX,31.0,33.0,0.0,5.0,0.0,3.0,2.0,19.4,4.0,4.4,31.0,,,,,2.5,8.75,0.2857142857142857
1628963,22500592,2026-01-16,WAS @ SAC,WAS,19.0,8.0,0.0,4.0,1.0,0.0,0.0,7.0,0.5,6.0,18.0,,,,,0.0,0.0,
1628969,22500584,2026-01-15,NYK @ GSW,NYK,35.0,21.0,3.0,1.0,0.0,0.0,0.0,12.0,3.5,2.75,30.5,,,,,,,
1628970,22500294,2025-11-29,CHA vs. TOR,CHA,41.0,35.0,0.0,3.0,1.0,0.0,0.0,17.2,2.0,3.6,29.0,,,,,1.5,5.0,0.3
1628971,22500575,2026-01-14,DEN @ DAL,DEN,24.0,7.0,1.0,5.0,0.0,0.0,1.0,8.0,2.0,4.5,22.5,,,,,0.3333333333333333,0.6666666666666666,0.5
1628973,22500576,2026-01-14,NYK @ SAC,NYK,5.0,4.0,0.0,0.0,0.0,0.0,1.0,19.25,4.25,2.25,27.0,,,,,2.6666666666666665,8.0,0.3333333333333333
1628975,22500546,2026-01-10,CHI vs. DAL,CHI,3.0,3.0,0.0,0.0,0.0,0.0,0.0,2.0,0.0,0.0,2.6666666666666665,,,,,0.5,1.0,0.5
1628976,22500578,2026-01-15,ORL vs. MEM,ORL,29.0,9.0,3.0,6.0,0.0,1.0,1.0,8.25,2.5,5.25,28.25,,,,,0.6666666666666666,4.0,0.16666666666666666
1628978,22500306,2025-11-30,MIN vs. SAS,MIN,29.0,18.0,4.0,5.0,0.0,0.0,0.0,16.2,4.8,4.8,32.0,,,,,4.25,10.25,0.4146341463414634
1628983,22500305,2025-11-30,OKC @ POR,OKC,36.0,26.0,5.0,4.0,1.0,0.0,3.0,33.4,5.8,3.8,34.6,,,,,1.0,2.75,0.36363636363636365
1628988,22500581,2026-01-15,HOU vs. OKC,HOU,4.0,0.0,0.0,0.0,0.0,0.0,0.0,0.0,0.0,0.0,4.0,,,,,,,
1628989,22500587,2026-01-16,CHI @ BKN,CHI,10.0,2.0,0.0,1.0,0.0,0.0,1.0,6.2,2.6,2.4,17.4,,,,,1.75,4.75,0.3684210526315789
1628991,22500578,2026-01-15,MEM @ ORL,MEM,33.0,30.0,1.0,3.0,2.0,2.0,4.0,22.5,1.75,7.0,32.25,,,,,1.3333333333333333,5.666666666666667,0.2352941176470588
1628997,22500583,2026-01-15,DAL vs. UTA,DAL,29.0,14.0,6.0,5.0,3.0,0.0,1.0,8.5,2.75,2.75,24.25,,,,,1.0,2.0,0.5
1628998,22500211,2025-11-11,IND @ UTA,,5.0,1.0,0.0,1.0,0.0,0.0,0.0,1.0,0.0,1.0,5.0,,,,,,,
1629001,22500584,2026-01-15,GSW vs. NYK,,23.0,5.0,2.0,2.0,1.0,2.0,1.0,11.25,3.25,2.75,21.75,,,,,0.6666666666666666,4.0,0.16666666666666666
1629004,22500558,2026-01-12,UTA @ CLE,,26.0,11.0,3.0,1.0,0.0,0.0,3.0,8.4,1.6,2.0,20.6,,,,,0.75,1.75,0.42857142857142855
1629006,22500591,2026-01-16,HOU vs. MIN,,33.0,1.0,0.0,2.0,1.0,0.0,0.0,4.6,0.8,3.0,26.4,,,,,1.0,1.75,0.5714285714285714
1629008,22500587,2026-01-16,BKN vs. CHI,,32.0,26.0,1.0,7.0,1.0,0.0,3.0,20.0,2.8,5.8,31.8,,,,,2.25,8.75,0.2571428571428571
1629011,22500576,2026-01-14,NYK @ SAC,,19.0,8.0,0.0,11.0,1.0,1.0,0.0,8.25,0.0,10.5,20.5,,,,,0.0,0.0,
1629012,22500586,2026-01-15,CHA @ LAL,,14.0,6.0,3.0,0.0,1.0,0.0,2.0,11.0,2.4,1.0,17.2,,,,,1.5,3.5,0.42857142857142855
1629013,22500584,2026-01-15,NYK @ GSW,,16.0,6.0,0.0,0.0,1.0,0.0,0.0,10.5,1.25,1.5,19.75,,,,,3.3333333333333335,5.666666666666667,0.5882352941176471
1629014,22500302,2025-11-30,BOS @ CLE,,27.0,18.0,2.0,1.0,1.0,0.0,0.0,14.0,2.4,2.6,28.0,,,,,2.25,7.25,0.3103448275862069
1629018,22500297,2025-11-29,MIL vs. BKN,,25.0,5.0,1.0,2.0,0.0,0.0,1.0,2.5,1.0,1.0,15.5,,,,,0.0,1.0,0.0
1629020,22500586,2026-01-15,LAL vs. CHA,,15.0,6.0,0.0,5.0,0.0,0.0,0.0,4.6,1.6,4.2,16.8,,,,,0.75,1.75,0.42857142857142855
1629021,22500578,2026-01-15,ORL vs. MEM,,14.0,7.0,0.0,4.0,0.0,0.0,1.0,9.75,0.25,3.5,13.5,,,,,1.3333333333333333,3.6666666666666665,0.36363636363636365
1629023,22500575,2026-01-14,DAL vs. DEN,,31.0,12.0,2.0,6.0,1.0,0.0,2.0,8.0,1.6666666666666667,5.0,26.333333333333332,,,,,1.0,2.0,0.5
1629026,22500581,2026-01-15,OKC @ HOU,,14.0,7.0,0.0,2.0,0.0,1.0,0.0,11.4,2.0,5.2,23.8,,,,,1.0,4.75,0.21052631578947367
1629027,22500435,2025-12-27,ATL vs. NYK,,31.0,9.0,10.0,0.0,2.0,0.0,6.0,9.0,10.0,0.0,31.0,,,,,,,
1629028,22500586,2026-01-15,LAL vs. CHA,LAL,32.0,12.0,1.0,6.0,1.0,1.0,1.0,7.0,0.2,6.4,22.8,,,,,0.0,0.0,
1629029,22500586,2026-01-15,LAL vs. CHA,LAL,36.0,39.0,4.0,3.0,0.0,0.0,1.0,37.6,8.8,8.4,37.6,,,,,4.25,11.0,0.38636363636363635
1629048,22500578,2026-01-15,ORL vs. MEM,ORL,12.0,5.0,1.0,3.0,0.0,0.0,0.0,2.3333333333333335,0.6666666666666666,3.6666666666666665,9.666666666666666,,,,,0.0,0.0,
1629057,22500585,2026-01-15,POR vs. ATL,,20.0,6.0,2.0,11.0,1.0,2.0,0.0,5.333333333333333,0.6666666666666666,7.666666666666667,19.666666666666668,,,,,0.0,0.5,0.0
1629060,22500586,2026-01-15,LAL vs. CHA,LAL,18.0,3.0,1.0,1.0,0.0,1.0,1.0,12.8,1.2,4.0,26.0,,,,,2.75,5.5,0.5
1629111,22500307,2025-11-30,MEM @ SAC,MEM,17.0,5.0,3.0,5.0,0.0,0.0,1.0,14.0,2.6666666666666665,9.0,25.666666666666668,,,,,1.5,3.5,0.42857142857142855
1629130,22500296,2025-11-29,DET @ MIA,,32.0,18.0,5.0,5.0,1.0,1.0,1.0,14.0,2.2,2.8,28.6,,,,,3.5,8.5,0.4117647058823529
1629162,22500582,2026-01-15,SAS vs. MIL,,7.0,0.0,0.0,1.0,1.0,0.0,3.0,0.0,0.6666666666666666,1.3333333333333333,5.666666666666667,,,,,0.0,0.5,0.0
1629216,22500586,2026-01-15,LAL vs. CHA,,15.0,0.0,0.0,1.0,0.0,0.0,0.0,1.6,0.8,0.8,15.0,,,,,0.5,1.5,0.3333333333333333
1629234,22500307,2025-11-30,SAC vs. MEM,SAC,15.0,4.0,0.0,2.0,0.0,0.0,1.0,4.0,0.0,2.0,15.0,,,,,,,
1629599,22500582,2026-01-15,MIL @ SAS,MIL,10.0,7.0,0.0,2.0,0.0,0.0,1.0,4.0,0.0,1.0,11.0,,,,,0.5,2.5,0.2
1629611,22500587,2026-01-16,BKN vs. CHI,BKN,17.0,5.0,0.0,2.0,1.0,0.0,0.0,6.25,2.5,2.25,18.5,,,,,,,
1629614,22500588,2026-01-16,IND vs. NOP,,33.0,19.0,10.0,3.0,0.0,0.0,3.0,17.2,9.6,4.2,33.6,,,,,1.75,5.25,0.3333333333333333
1629618,22500575,2026-01-14,DEN @ DAL,,28.0,9.0,3.0,6.0,2.0,0.0,2.0,7.75,4.75,5.0,30.25,,,,,1.0,3.3333333333333335,0.3
1629627,22500588,2026-01-16,NOP @ IND,,33.0,27.0,7.0,6.0,1.0,0.0,3.0,19.75,3.75,7.75,28.5,,,,,0.0,0.0,
1629628,22500532,2026-01-09,TOR @ BOS,TOR,28.0,19.0,7.0,4.0,0.0,0.0,1.0,14.333333333333334,4.0,5.333333333333333,23.333333333333332,,,,,1.0,4.0,0.25
1629630,22500485,2026-01-02,MEM @ LAL,,31.0,16.0,11.0,3.0,2.0,0.0,3.0,19.5,11.5,2.5,30.5,,,,,1.0,4.0,0.25
1629631,22500589,2026-01-16,CLE @ PHI,CLE,31.0,16.0,4.0,3.0,1.0,1.0,1.0,11.25,1.5,4.0,22.25,,,,,1.3333333333333333,5.0,0.26666666666666666
1629632,22500587,2026-01-16,CHI @ BKN,,33.0,17.0,4.0,4.0,2.0,0.0,3.0,22.2,5.4,3.2,31.4,,,,,4.75,9.75,0.48717948717948717
1629634,22500391,2025-12-20,MEM vs. WAS,MEM,4.0,2.0,0.0,3.0,1.0,0.0,0.0,2.0,0.0,3.0,4.0,,,,,,,
1629636,22500572,2026-01-14,CLE @ PHI,CLE,23.0,20.0,7.0,3.0,1.0,0.0,4.0,20.0,7.0,3.0,23.0,,,,,,,
1629637,22500562,2026-01-12,LAL @ SAC,LAL,19.0,12.0,1.0,5.0,0.0,0.0,0.0,8.2,0.6,3.4,19.4,,,,,0.0,0.0,
1629638,22500585,2026-01-15,ATL @ POR,ATL,29.0,11.0,7.0,6.0,1.0,0.0,3.0,17.6,4.6,3.4,33.6,,,,,4.0,10.0,0.4
1629639,22500580,2026-01-15,MIA vs. BOS,MIA,31.0,22.0,3.0,2.0,3.0,1.0,1.0,22.0,3.0,2.0,31.0,,,,,,,
1629640,22500582,2026-01-15,SAS vs. MIL,SAS,21.0,7.0,2.0,8.0,3.0,0.0,2.0,11.4,2.0,4.0,26.2,,,,,0.5,3.0,0.16666666666666666
1629645,0022500014,2026-01-19,MIL @ ATL,,28.0,9.0,7.0,6.0,1.0,1.0,3.0,9.0,7.0,6.0,28.0,2.0,5.0,0.0,0.0,0.0,0.0,
1629646,22500176,2025-11-05,MEM vs. HOU,,15.0,4.0,1.0,5.0,0.0,0.0,0.0,4.0,1.0,5.0,15.0,,,,,,,
1629651,22500587,2026-01-16,BKN vs. CHI,BKN,29.0,7.0,5.0,14.0,1.0,2.0,3.0,9.4,3.4,8.2,30.4,,,,,0.0,0.0,
1629652,22500581,2026-01-15,OKC @ HOU,OKC,21.0,13.0,1.0,3.0,0.0,1.0,2.0,13.0,2.0,4.6,31.8,,,,,3.0,6.5,0.46153846153846156
1629655,22500575,2026-01-14,DAL vs. DEN,DAL,18.0,6.0,0.0,10.0,0.0,0.0,0.0,4.0,0.5,6.0,17.0,,,,,0.0,0.0,
1629656,22500589,2026-01-16,PHI vs. CLE,PHI,32.0,14.0,4.0,7.0,0.0,0.0,0.0,9.4,4.0,3.6,24.6,,,,,0.25,2.5,0.1
1629661,22500415,2025-12-23,DEN @ DAL,DEN,24.0,8.0,3.0,2.0,0.0,0.0,0.0,8.0,3.0,2.0,24.0,,,,,,,
1629673,22500588,2026-01-16,NOP @ IND,,17.0,11.0,1.0,2.0,0.0,0.0,1.0,9.333333333333334,2.0,2.6666666666666665,19.0,,,,,1.0,7.0,0.14285714285714285
1629674,22500580,2026-01-15,BOS @ MIA,,20.0,9.0,0.0,9.0,1.0,1.0,2.0,8.4,1.8,6.0,24.6,,,,,0.0,0.25,0.0
1629675,22500306,2025-11-30,MIN vs. SAS,,30.0,15.0,3.0,5.0,2.0,0.0,2.0,12.6,3.2,7.4,27.4,,,,,2.5,6.25,0.4
1629680,22500135,2025-10-29,POR @ UTA,,5.0,3.0,1.0,0.0,2.0,0.0,0.0,3.0,1.0,0.0,5.0,,,,,,,
1629684,22500586,2026-01-15,CHA @ LAL,,13.0,3.0,0.0,3.0,0.0,1.0,0.0,3.5,1.25,3.5,18.5,,,,,0.6666666666666666,4.0,0.16666666666666666
1629723,22500578,2026-01-15,MEM @ ORL,MEM,18.0,6.0,3.0,8.0,0.0,0.0,0.0,2.0,1.25,4.75,19.75,,,,,0.0,0.6666666666666666,0.0
1629731,22500510,2026-01-06,CLE @ IND,,8.0,3.0,0.0,1.0,0.0,0.0,1.0,5.8,1.6,5.0,23.6,,,,,1.0,2.5,0.4
1629750,22500296,2025-11-29,DET @ MIA,DET,8.0,5.0,0.0,1.0,1.0,0.0,0.0,5.8,0.2,2.2,12.2,,,,,0.75,2.25,0.3333333333333333
1630162,22500552,2026-01-11,MIN vs. SAS,MIN,38.0,23.0,3.0,2.0,0.0,0.0,0.0,28.25,2.75,6.75,36.5,,,,,3.3333333333333335,10.0,0.33333333333333337
1630163,22500586,2026-01-15,CHA @ LAL,CHA,29.0,30.0,11.0,6.0,0.0,1.0,2.0,15.8,8.8,4.2,26.2,,,,,2.25,8.25,0.2727272727272727
1630164,22500413,2025-12-23,IND vs. MIL,,12.0,3.0,1.0,0.0,0.0,0.0,1.0,3.0,1.0,0.0,12.0,,,,,,,
1630166,22500305,2025-11-30,POR vs. OKC,POR,37.0,31.0,10.0,19.0,1.0,0.0,1.0,25.5,7.0,13.0,27.5,,,,,2.0,5.0,0.4
1630167,22500110,2025-10-26,IND @ MIN,,17.0,9.0,0.0,6.0,1.0,0.0,2.0,9.0,0.0,6.0,17.0,,,,,,,
1630168,22500304,2025-11-30,ATL @ PHI,,47.0,10.0,6.0,13.0,1.0,0.0,4.0,13.8,3.6,9.4,35.2,,,,,2.25,5.5,0.4090909090909091
1630170,22500456,2025-12-29,SAS vs. CLE,,30.0,7.0,0.0,4.0,0.0,0.0,1.0,10.0,0.5,2.5,27.5,,,,,2.0,8.0,0.25
1630171,22500587,2026-01-16,CHI @ BKN,,32.0,6.0,5.0,2.0,4.0,0.0,0.0,7.4,2.4,2.0,25.6,,,,,,,
1630172,22500587,2026-01-16,CHI @ BKN,,12.0,7.0,1.0,3.0,0.0,0.0,0.0,7.25,0.5,1.75,14.0,,,,,1.3333333333333333,2.3333333333333335,0.5714285714285714
1630173,22500592,2026-01-16,SAC vs. WAS,SAC,28.0,16.0,1.0,6.0,0.0,2.0,1.0,8.2,1.2,6.2,21.6,,,,,0.25,1.0,0.25
1630174,22500588,2026-01-16,IND vs. NOP,,33.0,12.0,1.0,4.0,1.0,0.0,0.0,12.0,3.0,5.0,31.6,,,,,1.5,5.25,0.2857142857142857
1630175,22500297,2025-11-29,MIL vs. BKN,MIL,5.0,2.0,1.0,0.0,1.0,0.0,0.0,9.333333333333334,3.0,1.6666666666666667,15.0,,,,,2.0,3.5,0.5714285714285714
1630178,22500589,2026-01-16,PHI vs. CLE,PHI,39.0,22.0,9.0,5.0,5.0,2.0,2.0,21.2,7.8,2.8,37.6,,,,,1.75,7.0,0.25
1630180,22500308,2025-11-30,NOP @ LAL,NOP,33.0,22.0,3.0,11.0,1.0,0.0,1.0,25.5,3.25,7.0,31.75,,,,,3.3333333333333335,7.0,0.4761904761904762
1630182,22500586,2026-01-15,CHA @ LAL,CHA,14.0,0.0,2.0,3.0,1.0,1.0,0.0,6.2,1.6,3.2,17.0,,,,,1.5,2.25,0.6666666666666666
1630183,22500591,2026-01-16,MIN @ HOU,MIN,35.0,15.0,4.0,7.0,2.0,2.0,1.0,13.2,3.8,4.8,32.8,,,,,1.75,3.5,0.5
1630188,22500587,2026-01-16,CHI @ BKN,,35.0,14.0,4.0,13.0,1.0,4.0,1.0,13.6,1.0,8.4,30.0,,,,,2.5,4.5,0.5555555555555556
1630191,22500579,2026-01-15,DET vs. PHX,,22.0,4.0,0.0,4.0,0.0,2.0,2.0,8.8,1.0,5.4,23.2,,,,,0.25,2.25,0.1111111111111111
1630192,22500575,2026-01-14,DEN @ DAL,,17.0,4.0,1.0,5.0,0.0,0.0,0.0,6.25,0.75,5.25,20.75,,,,,0.3333333333333333,1.3333333333333333,0.25
1630193,22500303,2025-11-30,TOR @ NYK,,35.0,19.0,8.0,2.0,0.0,0.0,2.0,24.0,7.0,5.8,34.2,,,,,4.0,6.5,0.6153846153846154
1630194,22500544,2026-01-10,DET vs. LAC,,22.0,8.0,3.0,7.0,5.0,2.0,5.0,5.0,2.0,5.5,13.5,,,,,0.0,0.0,
1630198,22500581,2026-01-15,OKC @ HOU,OKC,8.0,6.0,0.0,1.0,0.0,0.0,0.0,8.8,1.2,2.0,22.0,,,,,1.75,6.5,0.2692307692307692
1630200,22500587,2026-01-16,CHI @ BKN,CHI,30.0,11.0,5.0,5.0,1.0,0.0,1.0,12.666666666666666,7.333333333333333,5.333333333333333,27.666666666666668,,,,,1.0,2.0,0.5
1630202,22500302,2025-11-30,BOS @ CLE,,31.0,42.0,3.0,3.0,0.0,0.0,2.0,23.4,5.0,3.8,33.8,,,,,3.25,7.5,0.43333333333333335
1630208,22500299,2025-11-29,PHX vs. DEN,,7.0,0.0,0.0,3.0,0.0,0.0,1.0,0.0,0.0,3.0,7.0,,,,,,,
1630214,22500338,2025-12-05,BOS vs. LAL,,3.0,2.0,0.0,0.0,0.0,0.0,0.0,1.0,0.0,0.0,2.5,,,,,0.0,0.0,
1630217,22500072,2025-11-28,ORL @ DET,ORL,39.0,37.0,2.0,8.0,1.0,2.0,2.0,24.25,2.25,5.25,36.75,,,,,2.6666666666666665,6.0,0.4444444444444444
1630224,22500190,2025-11-08,PHX @ LAC,PHX,7.0,2.0,1.0,1.0,0.0,0.0,0.0,6.0,1.6666666666666667,1.3333333333333333,10.333333333333334,,,,,1.0,2.5,0.4
1630228,22500378,2025-12-18,GSW @ PHX,GSW,10.0,2.0,1.0,4.0,0.0,0.0,1.0,10.666666666666666,1.6666666666666667,3.3333333333333335,13.333333333333334,,,,,0.5,1.5,0.3333333333333333
1630230,22500300,2025-11-29,DAL @ LAC,DAL,37.0,18.0,3.0,8.0,3.0,0.0,0.0,22.0,4.5,8.5,35.25,,,,,1.0,4.0,0.25
1630241,22500572,2026-01-14,CLE @ PHI,,10.0,3.0,0.0,3.0,0.0,0.0,0.0,3.0,0.0,3.0,10.0,,,,,,,
1630245,22500587,2026-01-16,CHI @ BKN,CHI,20.0,18.0,1.0,1.0,1.0,0.0,0.0,14.8,2.0,2.6,23.8,,,,,2.5,5.25,0.47619047619047616
1630249,22500585,2026-01-15,ATL @ POR,ATL,21.0,8.0,1.0,1.0,0.0,1.0,0.0,3.0,1.0,0.8,12.6,,,,,0.25,2.0,0.125
1630256,22500591,2026-01-16,HOU vs. MIN,,11.0,4.0,0.0,3.0,1.0,0.0,0.0,2.6666666666666665,0.6666666666666666,2.6666666666666665,10.333333333333334,,,,,0.5,1.0,0.5
1630264,22500592,2026-01-16,WAS @ SAC,WAS,1.0,0.0,0.0,0.0,0.0,0.0,0.0,0.6666666666666666,0.6666666666666666,1.3333333333333333,6.666666666666667,,,,,0.0,0.5,0.0
1630311,22500584,2026-01-15,GSW vs. NYK,,1.0,0.0,0.0,0.0,0.0,0.0,0.0,3.8,2.8,1.6,12.0,,,,,0.75,1.75,0.42857142857142855
1630314,22500583,2026-01-15,DAL vs. UTA,,25.0,18.0,3.0,2.0,0.0,1.0,3.0,15.75,3.0,3.0,21.5,,,,,0.0,1.0,0.0
1630322,22500582,2026-01-15,SAS vs. MIL,,15.0,3.0,0.0,1.0,0.0,0.0,1.0,1.5,0.0,0.5,10.0,,,,,0.0,3.0,0.0
1630526,22500583,2026-01-15,DAL vs. UTA,,22.0,12.0,0.0,7.0,2.0,0.0,1.0,4.0,0.25,2.75,10.5,,,,,0.0,1.0,0.0
1630529,22500514,2026-01-06,NOP vs. LAL,NOP,35.0,3.0,0.0,3.0,1.0,0.0,1.0,4.0,2.3333333333333335,2.0,29.333333333333332,,,,,,,
1630530,22500588,2026-01-16,NOP @ IND,,38.0,22.0,5.0,4.0,1.0,1.0,1.0,22.0,4.75,4.25,36.75,,,,,2.3333333333333335,9.0,0.2592592592592593
1630532,22500072,2025-11-28,ORL @ DET,,36.0,21.0,1.0,7.0,3.0,0.0,1.0,21.0,1.0,7.0,36.0,,,,,,,
1630533,22500521,2026-01-07,BKN vs. ORL,,27.0,5.0,0.0,2.0,2.0,0.0,0.0,10.4,0.2,3.2,24.8,,,,,1.25,5.75,0.21739130434782608
1630534,22500590,2026-01-16,TOR vs. LAC,TOR,36.0,15.0,1.0,3.0,1.0,0.0,1.0,7.6,0.8,2.4,21.0,,,,,0.0,1.5,0.0
1630536,22500073,2025-11-28,WAS @ IND,WAS,3.0,0.0,0.0,0.0,0.0,0.0,0.0,1.5,0.5,0.0,6.0,,,,,1.0,1.0,1.0
1630538,22500591,2026-01-16,MIN @ HOU,MIN,17.0,2.0,5.0,0.0,0.0,0.0,1.0,5.4,3.2,2.0,14.8,,,,,1.0,3.0,0.3333333333333333
1630540,22500584,2026-01-15,NYK @ GSW,NYK,37.0,25.0,6.0,3.0,0.0,0.0,3.0,13.25,3.5,3.25,27.25,,,,,1.6666666666666667,5.333333333333333,0.31250000000000006
1630541,22500584,2026-01-15,GSW vs. NYK,,28.0,21.0,0.0,1.0,0.0,0.0,1.0,14.4,1.2,4.2,24.6,,,,,2.5,6.0,0.4166666666666667
1630543,22500295,2025-11-29,IND vs. CHI,IND,23.0,14.0,1.0,11.0,1.0,2.0,1.0,3.6,0.4,5.0,11.4,,,,,0.0,0.25,0.0
1630544,22500563,2026-01-12,CHA @ LAC,CHA,13.0,9.0,1.0,1.0,0.0,0.0,0.0,6.5,2.0,0.5,12.5,,,,,1.0,2.0,0.5
1630545,22500013,2025-12-25,MIN @ DEN,,10.0,0.0,0.0,0.0,0.0,0.0,0.0,0.0,0.0,0.0,10.0,,,,,,,
1630548,22500566,2026-01-13,MIN @ MIL,MIN,8.0,2.0,2.0,1.0,0.0,0.0,1.0,2.0,1.0,1.0,6.5,,,,,0.0,1.0,0.0
1630549,22500587,2026-01-16,BKN vs. CHI,,19.0,14.0,3.0,6.0,0.0,0.0,0.0,8.25,2.0,5.5,20.5,,,,,0.0,0.6666666666666666,0.0
1630551,22500592,2026-01-16,WAS @ SAC,WAS,27.0,15.0,2.0,7.0,0.0,0.0,0.0,10.5,2.0,6.0,25.75,,,,,1.0,2.3333333333333335,0.42857142857142855
1630552,22500585,2026-01-15,ATL @ POR,ATL,38.0,12.0,6.0,11.0,0.0,0.0,6.0,22.0,7.0,13.4,38.2,,,,,1.75,5.5,0.3181818181818182
1630557,22500585,2026-01-15,ATL @ POR,ATL,13.0,3.0,0.0,2.0,1.0,0.0,2.0,5.6,1.4,1.4,15.8,,,,,1.0,3.75,0.26666666666666666
1630558,22500296,2025-11-29,MIA vs. DET,,32.0,7.0,10.0,1.0,3.0,0.0,0.0,6.666666666666667,6.666666666666667,3.3333333333333335,25.333333333333332,,,,,1.5,3.5,0.42857142857142855
1630559,22500012,2025-12-25,LAL vs. HOU,,15.0,12.0,1.0,1.0,0.0,1.0,2.0,12.0,1.0,1.0,15.0,,,,,,,
1630560,22500587,2026-01-16,BKN vs. CHI,,25.0,8.0,4.0,1.0,0.0,0.0,1.0,6.666666666666667,3.3333333333333335,1.3333333333333333,20.0,,,,,0.5,3.5,0.14285714285714285
1630567,22500303,2025-11-30,TOR @ NYK,TOR,32.0,18.0,4.0,5.0,1.0,2.0,3.0,18.4,6.8,8.0,34.0,,,,,0.25,2.0,0.125
1630568,22500580,2026-01-15,BOS @ MIA,BOS,28.0,11.0,1.0,4.0,1.0,0.0,1.0,9.0,1.0,3.4,18.6,,,,,0.75,2.5,0.3
1630570,22500589,2026-01-16,PHI vs. CLE,,10.0,4.0,2.0,2.0,0.0,0.0,1.0,2.6,1.2,1.6,10.8,,,,,0.0,0.0,
1630572,22500303,2025-11-30,TOR @ NYK,TOR,27.0,9.0,1.0,7.0,1.0,2.0,1.0,15.4,3.2,7.8,30.4,,,,,,,
1630573,22500302,2025-11-30,BOS @ CLE,BOS,35.0,7.0,2.0,5.0,1.0,0.0,0.0,12.4,2.8,5.2,31.2,,,,,3.75,7.5,0.5
1630574,22500584,2026-01-15,NYK @ GSW,NYK,10.0,1.0,0.0,3.0,0.0,1.0,0.0,1.5,0.0,3.0,7.0,,,,,0.0,0.0,
1630577,22500582,2026-01-15,SAS vs. MIL,SAS,24.0,13.0,1.0,11.0,1.0,0.0,2.0,16.6,1.4,6.0,29.8,,,,,4.25,10.0,0.425
1630578,22500591,2026-01-16,HOU vs. MIN,,32.0,25.0,3.0,14.0,1.0,1.0,4.0,22.0,6.0,9.0,33.6,,,,,0.5,1.75,0.2857142857142857
1630579,22500582,2026-01-15,MIL @ SAS,,10.0,1.0,1.0,4.0,0.0,0.0,0.0,0.5,0.5,2.0,6.0,,,,,0.0,0.0,
1630581,22500452,2025-12-29,CHI vs. MIN,CHI,18.0,11.0,3.0,4.0,0.0,0.0,1.0,13.75,6.25,6.0,24.0,,,,,1.0,4.333333333333333,0.23076923076923078
1630583,22500307,2025-11-30,MEM @ SAC,MEM,22.0,7.0,4.0,6.0,1.0,1.0,2.0,12.0,3.0,6.5,24.5,,,,,1.0,2.0,0.5
1630587,22500579,2026-01-15,PHX @ DET,PHX,14.0,0.0,1.0,2.0,2.0,0.0,1.0,3.6666666666666665,0.6666666666666666,2.3333333333333335,11.0,,,,,0.5,0.5,1.0
1630591,22500480,2026-01-02,ORL @ CHI,,20.0,11.0,4.0,3.0,1.0,0.0,1.0,8.0,5.333333333333333,3.0,23.666666666666668,,,,,0.5,4.5,0.1111111111111111
1630592,22500561,2026-01-12,BKN @ DAL,,15.0,6.0,0.0,3.0,0.0,1.0,1.0,4.5,1.0,2.0,14.75,,,,,0.3333333333333333,2.3333333333333335,0.14285714285714285
1630595,22500579,2026-01-15,DET vs. PHX,DET,38.0,10.0,11.0,4.0,0.0,1.0,5.0,16.75,11.0,3.25,36.5,,,,,1.0,4.333333333333333,0.23076923076923078
1630596,22500302,2025-11-30,CLE vs. BOS,,39.0,27.0,4.0,14.0,0.0,0.0,1.0,20.6,3.2,11.4,36.0,,,,,0.5,4.25,0.11764705882352941
1630598,22500581,2026-01-15,OKC @ HOU,,19.0,5.0,0.0,5.0,1.0,0.0,1.0,9.333333333333334,2.3333333333333335,4.666666666666667,26.333333333333332,,,,,2.0,7.0,0.2857142857142857
1630604,22500477,2026-01-02,BKN @ WAS,BKN,3.0,0.0,0.0,0.0,0.0,0.0,0.0,1.5,0.0,0.0,3.5,,,,,1.0,1.0,1.0
1630611,22500584,2026-01-15,GSW vs. NYK,,5.0,3.0,0.0,1.0,0.0,1.0,0.0,5.8,1.2,4.2,16.8,,,,,1.0,3.75,0.26666666666666666
1630619,22500583,2026-01-15,DAL vs. UTA,DAL,23.0,10.0,2.0,13.0,0.0,3.0,1.0,8.666666666666666,1.0,7.666666666666667,16.333333333333332,,,,,0.0,0.0,
1630621,22500085,2025-10-22,NOP @ MEM,NOP,5.0,2.0,0.0,0.0,0.0,1.0,2.0,2.0,0.0,0.0,5.0,,,,,,,
1630623,22500335,2025-12-04,BKN vs. UTA,BKN,2.0,0.0,1.0,0.0,0.0,0.0,0.0,0.0,1.0,0.0,2.0,,,,,,,
1630631,22500308,2025-11-30,NOP @ LAL,NOP,28.0,12.0,2.0,0.0,0.0,0.0,0.0,9.0,1.5,2.5,20.5,,,,,2.0,5.0,0.4
1630639,22500590,2026-01-16,TOR vs. LAC,TOR,13.0,0.0,2.0,3.0,1.0,0.0,2.0,2.0,0.6666666666666666,1.6666666666666667,9.0,,,,,0.0,0.5,0.0
1630643,22500295,2025-11-29,IND vs. CHI,IND,25.0,14.0,2.0,8.0,0.0,4.0,0.0,5.8,1.0,3.6,13.8,,,,,0.75,2.0,0.375
1630644,22500157,2025-11-03,IND vs. MIL,,2.0,0.0,0.0,0.0,0.0,0.0,0.0,0.0,0.0,0.0,2.0,,,,,,,
1630692,22500579,2026-01-15,PHX @ DET,PHX,32.0,7.0,3.0,12.0,3.0,1.0,1.0,5.8,2.8,5.2,21.8,,,,,0.5,2.25,0.2222222222222222
1630696,22500296,2025-11-29,MIA vs. DET,,16.0,9.0,4.0,5.0,1.0,0.0,1.0,7.0,2.4,4.6,18.6,,,,,0.5,2.75,0.18181818181818182
1630700,22500304,2025-11-30,ATL @ PHI,ATL,44.0,17.0,8.0,9.0,2.0,0.0,4.0,13.4,7.8,7.6,36.2,,,,,0.25,1.25,0.2
1630702,22500583,2026-01-15,DAL vs. UTA,DAL,25.0,19.0,5.0,1.0,0.0,0.0,0.0,11.0,2.5,0.5,13.5,,,,,1.0,1.0,1.0
1630811,22500569,2026-01-13,ATL @ LAL,,4.0,2.0,1.0,1.0,0.0,0.0,0.0,1.0,0.5,0.5,2.5,,,,,0.0,0.0,
1631093,22500579,2026-01-15,DET vs. PHX,DET,17.0,15.0,1.0,2.0,0.0,0.0,2.0,9.6,1.2,1.8,16.6,,,,,2.25,4.25,0.5294117647058824
1631094,22500578,2026-01-15,ORL vs. MEM,ORL,37.0,26.0,4.0,13.0,4.0,0.0,2.0,28.25,3.75,8.75,36.25,,,,,2.3333333333333335,5.0,0.4666666666666667
1631095,22500591,2026-01-16,HOU vs. MIN,,38.0,9.0,2.0,5.0,0.0,3.0,0.0,11.6,2.6,6.2,36.4,,,,,1.5,6.0,0.25
1631096,22500581,2026-01-15,OKC @ HOU,OKC,29.0,18.0,1.0,9.0,2.0,4.0,0.0,18.4,1.6,9.4,30.8,,,,,1.75,4.0,0.4375
1631097,22500476,2026-01-02,IND vs. SAS,IND,20.0,2.0,3.0,5.0,0.0,0.0,1.0,9.0,2.0,3.5,22.5,,,,,2.0,3.0,0.6666666666666666
1631099,22500500,2026-01-04,SAC vs. MIL,,27.0,12.0,0.0,3.0,0.0,2.0,2.0,12.0,0.0,3.0,27.0,,,,,,,
1631101,22500585,2026-01-15,POR vs. ATL,,33.0,24.0,5.0,9.0,2.0,0.0,5.0,20.25,3.75,7.0,33.25,,,,,2.3333333333333335,7.0,0.33333333333333337
1631103,22500592,2026-01-16,WAS @ SAC,WAS,13.0,13.0,0.0,1.0,1.0,0.0,0.0,8.0,1.0,1.5,10.5,,,,,1.0,1.0,1.0
1631104,22500026,2025-10-31,POR vs. DEN,,10.0,5.0,2.0,0.0,2.0,0.0,0.0,5.0,2.0,0.0,10.0,,,,,,,
1631105,22500579,2026-01-15,DET vs. PHX,DET,28.0,16.0,2.0,18.0,0.0,2.0,1.0,18.0,1.4,11.0,27.8,,,,,0.0,0.0,
1631106,22500540,2026-01-09,HOU @ POR,HOU,16.0,6.0,2.0,3.0,2.0,1.0,3.0,10.5,1.25,6.25,22.75,,,,,2.3333333333333335,5.0,0.4666666666666667
1631107,22500580,2026-01-15,MIA vs. BOS,MIA,15.0,3.0,0.0,5.0,1.0,1.0,2.0,10.2,1.4,4.8,18.8,,,,,2.0,5.75,0.34782608695652173
1631108,22500300,2025-11-29,DAL @ LAC,DAL,20.0,3.0,1.0,2.0,0.0,0.0,0.0,18.5,2.0,3.5,31.5,,,,,5.666666666666667,10.666666666666666,0.5312500000000001
1631109,22500579,2026-01-15,PHX @ DET,,22.0,5.0,2.0,6.0,1.0,4.0,1.0,8.4,0.8,7.2,22.8,,,,,0.0,0.0,
1631110,22500582,2026-01-15,SAS vs. MIL,,10.0,2.0,0.0,1.0,0.0,0.0,0.0,1.0,0.0,0.5,7.0,,,,,0.0,0.0,
1631111,22500242,2025-11-17,DET vs. IND,,15.0,0.0,0.0,2.0,1.0,0.0,1.0,0.0,0.0,2.0,15.0,,,,,,,
1631114,22500581,2026-01-15,OKC @ HOU,,31.0,6.0,10.0,5.0,0.0,1.0,0.0,6.0,10.0,5.0,31.0,,,,,,,
1631115,22500424,2025-12-26,ORL vs. CHA,,3.0,0.0,1.0,1.0,0.0,0.0,0.0,0.0,1.0,1.0,3.0,,,,,,,
1631117,22500025,2025-10-31,UTA @ PHX,UTA,29.0,4.0,1.0,13.0,1.0,0.0,3.0,4.0,1.0,13.0,29.0,,,,,,,
1631119,22500305,2025-11-30,OKC @ POR,,14.0,4.0,1.0,6.0,1.0,2.0,1.0,4.25,1.75,4.25,16.25,,,,,1.0,1.6666666666666667,0.6
1631120,22500591,2026-01-16,HOU vs. MIN,HOU,4.0,0.0,0.0,1.0,0.0,0.0,0.0,0.0,0.0,1.0,4.0,,,,,,,
1631121,22500588,2026-01-16,NOP @ IND,NOP,16.0,4.0,0.0,1.0,0.0,0.0,0.0,4.5,0.5,1.5,14.5,,,,,0.0,2.0,0.0
1631124,22500554,2026-01-11,DEN vs. MIL,,8.0,0.0,0.0,0.0,0.0,0.0,0.0,10.0,1.5,2.5,17.5,,,,,1.0,6.0,0.16666666666666666
1631126,22500585,2026-01-15,POR vs. ATL,POR,26.0,12.0,4.0,3.0,3.0,0.0,3.0,13.5,4.0,3.5,28.75,,,,,2.6666666666666665,8.333333333333334,0.31999999999999995
1631127,22500154,2025-11-02,SAS @ PHX,SAS,5.0,2.0,0.0,2.0,0.0,0.0,0.0,2.0,0.0,2.0,5.0,,,,,,,
1631128,22500537,2026-01-09,DEN vs. ATL,DEN,25.0,0.0,0.0,4.0,0.0,1.0,2.0,0.0,0.0,4.0,25.0,,,,,,,
1631131,22500475,2026-01-01,UTA @ LAC,,15.0,2.0,1.0,6.0,1.0,0.0,0.0,2.0,1.0,6.0,15.0,,,,,,,
1631132,22500549,2026-01-11,MEM vs. BKN,,15.0,2.0,1.0,7.0,0.0,1.0,1.0,5.25,0.5,3.25,13.75,,,,,0.3333333333333333,0.3333333333333333,1.0
1631133,22500589,2026-01-16,PHI vs. CLE,,4.0,0.0,0.0,2.0,0.0,0.0,0.0,3.5,0.0,2.75,13.5,,,,,1.3333333333333333,3.0,0.4444444444444444
1631157,22500297,2025-11-29,MIL vs. BKN,,31.0,10.0,4.0,2.0,4.0,0.0,2.0,13.75,3.75,3.0,31.0,,,,,2.3333333333333335,6.333333333333333,0.368421052631579
1631159,22500566,2026-01-13,MIN @ MIL,,8.0,7.0,0.0,2.0,1.0,0.0,1.0,3.5,0.0,2.0,6.5,,,,,0.0,1.0,0.0
1631165,22500307,2025-11-30,SAC vs. MEM,SAC,6.0,0.0,1.0,0.0,0.0,0.0,0.0,7.0,0.5,0.0,13.5,,,,,3.0,6.0,0.5
1631169,22500493,2026-01-03,BOS @ LAC,,3.0,0.0,0.0,1.0,1.0,0.0,0.0,0.0,0.0,1.0,3.0,,,,,,,
1631170,22500564,2026-01-13,MIA vs. PHX,MIA,31.0,16.0,8.0,4.0,0.0,1.0,0.0,12.4,5.0,6.0,30.8,,,,,0.5,1.75,0.2857142857142857
1631172,22500581,2026-01-15,OKC @ HOU,OKC,3.0,0.0,2.0,2.0,0.0,0.0,0.0,3.0,1.6,1.4,8.6,,,,,0.75,2.0,0.375
1631199,22500334,2025-12-04,BOS @ WAS,BOS,5.0,0.0,1.0,0.0,1.0,1.0,0.0,0.6666666666666666,0.3333333333333333,0.0,4.666666666666667,,,,,0.0,1.5,0.0
1631200,22500509,2026-01-05,POR vs. UTA,,27.0,10.0,2.0,3.0,3.0,0.0,0.0,10.0,2.0,3.0,27.0,,,,,,,
1631204,22500544,2026-01-10,DET vs. LAC,,7.0,0.0,3.0,0.0,1.0,0.0,0.0,3.6666666666666665,2.3333333333333335,0.3333333333333333,10.666666666666666,,,,,0.5,3.0,0.16666666666666666
1631207,22500587,2026-01-16,CHI @ BKN,,3.0,0.0,0.0,0.0,0.0,0.0,0.0,3.0,1.0,1.6666666666666667,6.666666666666667,,,,,1.0,2.5,0.4
1631210,22500057,2025-11-25,ATL @ WAS,,7.0,2.0,0.0,0.0,0.0,0.0,0.0,2.0,0.0,0.0,7.0,,,,,,,
1631212,22500575,2026-01-14,DEN @ DAL,,31.0,18.0,2.0,5.0,0.0,0.0,2.0,23.666666666666668,2.6666666666666665,6.0,36.333333333333336,,,,,5.0,8.0,0.625
1631213,22500561,2026-01-12,BKN @ DAL,BKN,20.0,7.0,0.0,2.0,0.0,1.0,0.0,5.25,0.75,1.5,15.0,,,,,0.6666666666666666,2.6666666666666665,0.25
1631216,22500488,2026-01-03,ATL @ TOR,ATL,2.0,0.0,0.0,0.0,0.0,0.0,0.0,0.0,0.0,0.0,2.0,,,,,,,
1631217,22500294,2025-11-29,CHA vs. TOR,CHA,30.0,7.0,2.0,9.0,1.0,0.0,0.0,8.8,0.6,7.4,25.4,,,,,0.0,0.0,
1631218,22500570,2026-01-13,GSW vs. POR,GSW,6.0,0.0,1.0,0.0,0.0,0.0,0.0,3.2,0.8,1.0,9.8,,,,,0.25,0.25,1.0
1631221,22500299,2025-11-29,PHX vs. DEN,PHX,29.0,12.0,2.0,0.0,1.0,1.0,1.0,14.6,3.0,3.8,30.2,,,,,3.5,6.25,0.56
1631222,22500586,2026-01-15,LAL vs. CHA,LAL,37.0,18.0,3.0,3.0,2.0,0.0,2.0,10.6,2.2,4.0,29.8,,,,,1.5,3.5,0.42857142857142855
1631230,22500589,2026-01-16,PHI vs. CLE,PHI,17.0,2.0,0.0,2.0,3.0,1.0,0.0,6.0,1.4,3.4,21.6,,,,,0.5,1.75,0.2857142857142857
1631243,22500304,2025-11-30,ATL @ PHI,ATL,23.0,13.0,0.0,4.0,2.0,1.0,1.0,6.0,0.8,3.4,14.6,,,,,0.5,2.0,0.25
1631245,22500588,2026-01-16,IND vs. NOP,IND,11.0,12.0,1.0,2.0,1.0,0.0,1.0,6.0,1.0,1.5,10.75,,,,,1.0,2.3333333333333335,0.42857142857142855
1631246,22500578,2026-01-15,MEM @ ORL,,21.0,10.0,4.0,1.0,1.0,0.0,3.0,6.5,3.5,2.75,20.0,,,,,1.3333333333333333,5.333333333333333,0.25
1631247,22500384,2025-12-19,CLE vs. CHI,,6.0,4.0,0.0,3.0,1.0,0.0,1.0,4.0,0.0,3.0,6.0,,,,,,,
1631248,0022500660,2026-01-26,BOS vs. POR,,13.0,2.0,0.0,5.0,0.0,0.0,1.0,3.6,1.2,3.6,16.4,1.0,2.0,0.0,0.0,0.8,2.2,0.36363636363636365
1631250,22500582,2026-01-15,MIL @ SAS,,6.0,2.0,0.0,1.0,0.0,1.0,0.0,4.5,0.75,2.75,15.75,,,,,1.3333333333333333,2.3333333333333335,0.5714285714285714
1631255,22500588,2026-01-16,NOP @ IND,NOP,15.0,3.0,0.0,2.0,0.0,0.0,0.0,3.75,0.25,2.75,14.0,,,,,0.6666666666666666,1.6666666666666667,0.39999999999999997
1631260,22500297,2025-11-29,MIL vs. BKN,MIL,23.0,15.0,5.0,3.0,0.0,0.0,1.0,16.0,2.3333333333333335,3.0,32.333333333333336,,,,,5.0,10.5,0.47619047619047616
1631288,22500548,2026-01-11,ORL vs. NOP,ORL,3.0,0.0,0.0,0.0,0.0,0.0,0.0,0.0,0.0,0.0,3.5,,,,,0.0,0.0,
1631321,22500585,2026-01-15,POR vs. ATL,POR,22.0,6.0,1.0,3.0,1.0,0.0,0.0,4.75,0.75,3.25,24.5,,,,,0.3333333333333333,2.3333333333333335,0.14285714285714285
1631323,22500580,2026-01-15,MIA vs. BOS,MIA,17.0,3.0,0.0,4.0,0.0,0.0,0.0,10.0,1.6,5.2,20.0,,,,,3.0,6.25,0.48
1631342,22500223,2025-11-12,SAC vs. ATL,,14.0,2.0,0.0,2.0,0.0,0.0,0.0,2.0,0.0,2.0,14.0,,,,,,,
1631451,22500570,2026-01-13,POR @ GSW,POR,13.0,3.0,2.0,3.0,1.0,0.0,1.0,2.6666666666666665,0.6666666666666666,1.6666666666666667,8.666666666666666,,,,,0.5,2.0,0.25
1641705,0022500654,2026-01-25,SAS vs. NOP,,31.0,16.0,0.0,16.0,0.0,4.0,3.0,22.25,1.5,12.5,30.0,6.0,16.0,2.0,10.0,3.25,9.0,0.3611111111111111
1641706,22500586,2026-01-15,CHA @ LAL,,40.0,26.0,5.0,2.0,1.0,2.0,3.0,24.2,4.0,5.4,32.2,,,,,3.25,7.5,0.43333333333333335
1641707,22500583,2026-01-15,UTA @ DAL,UTA,16.0,5.0,1.0,3.0,1.0,1.0,1.0,2.5,0.5,1.5,10.5,,,,,0.0,1.0,0.0
1641708,22500591,2026-01-16,HOU vs. MIN,,36.0,14.0,4.0,7.0,1.0,0.0,3.0,14.0,8.0,8.0,39.8,,,,,0.0,0.75,0.0
1641709,22500579,2026-01-15,DET vs. PHX,,19.0,5.0,2.0,6.0,0.0,0.0,0.0,8.2,3.2,7.0,23.8,,,,,0.0,0.0,
1641710,22500072,2025-11-28,ORL @ DET,ORL,32.0,16.0,4.0,4.0,3.0,1.0,3.0,12.5,4.0,3.75,34.25,,,,,2.0,7.0,0.2857142857142857
1641711,22500303,2025-11-30,TOR @ NYK,TOR,18.0,2.0,0.0,3.0,0.0,0.0,0.0,8.6,0.4,2.4,21.0,,,,,1.75,4.0,0.4375
1641712,22500585,2026-01-15,POR vs. ATL,,16.0,13.0,2.0,3.0,3.0,0.0,2.0,4.25,0.75,2.25,15.25,,,,,0.0,1.6666666666666667,0.0
1641713,22500578,2026-01-15,MEM @ ORL,MEM,22.0,15.0,2.0,1.0,0.0,0.0,0.0,13.25,1.25,2.5,23.25,,,,,1.0,3.6666666666666665,0.27272727272727276
1641715,22500334,2025-12-04,WAS vs. BOS,,18.0,4.0,2.0,0.0,1.0,2.0,0.0,4.0,2.0,0.0,18.0,,,,,,,
1641716,22500295,2025-11-29,IND vs. CHI,,20.0,4.0,1.0,2.0,0.0,1.0,1.0,13.8,2.2,4.2,26.4,,,,,2.0,4.5,0.4444444444444444
1641717,22500305,2025-11-30,OKC @ POR,,21.0,3.0,4.0,3.0,1.0,0.0,2.0,5.8,2.0,2.6,23.2,,,,,1.5,3.75,0.4
1641718,22500583,2026-01-15,UTA @ DAL,UTA,29.0,17.0,3.0,3.0,1.0,0.0,4.0,26.4,4.4,2.4,34.6,,,,,3.5,9.0,0.3888888888888889
1641722,22500588,2026-01-16,NOP @ IND,NOP,10.0,0.0,0.0,2.0,0.0,0.0,0.0,0.0,0.0,2.0,10.0,,,,,,,
1641724,22500533,2026-01-09,ORL vs. PHI,ORL,9.0,0.0,0.0,0.0,0.0,0.0,1.0,5.0,0.5,0.5,13.5,,,,,2.0,5.0,0.4
1641725,22500534,2026-01-09,NOP @ WAS,NOP,2.0,0.0,0.0,0.0,0.0,0.0,0.0,0.0,0.0,0.0,2.0,,,,,,,
1641726,22500052,2025-11-21,DAL vs. NOP,DAL,18.0,4.0,2.0,4.0,1.0,1.0,1.0,4.0,2.0,4.0,18.0,,,,,,,
1641729,22500583,2026-01-15,UTA @ DAL,,28.0,27.0,1.0,5.0,0.0,0.0,0.0,17.333333333333332,0.6666666666666666,4.0,23.666666666666668,,,,,2.0,5.5,0.36363636363636365
1641730,22500587,2026-01-16,BKN vs. CHI,BKN,28.0,23.0,1.0,11.0,1.0,0.0,3.0,15.5,0.5,6.25,30.5,,,,,2.0,5.666666666666667,0.3529411764705882
1641731,22500577,2026-01-14,WAS @ LAC,WAS,10.0,3.0,0.0,2.0,0.0,0.0,0.0,3.0,0.0,2.0,10.0,,,,,,,
1641732,22500007,2025-10-27,DET vs. CLE,,7.0,2.0,2.0,4.0,0.0,0.0,0.0,2.0,2.0,4.0,7.0,,,,,,,
1641733,22500586,2026-01-15,LAL vs. CHA,,2.0,0.0,0.0,0.0,0.0,0.0,0.0,0.0,0.0,0.0,2.0,,,,,,,
1641737,22500589,2026-01-16,PHI vs. CLE,PHI,15.0,4.0,0.0,4.0,0.0,3.0,1.0,4.0,0.2,4.0,15.2,,,,,0.0,0.0,
1641738,22500590,2026-01-16,LAC @ TOR,LAC,5.0,0.0,0.0,1.0,0.0,0.0,0.0,1.6666666666666667,1.0,2.3333333333333335,8.0,,,,,0.0,0.0,
1641739,22500305,2025-11-30,POR vs. OKC,POR,38.0,19.0,4.0,8.0,0.0,0.0,3.0,17.25,3.25,7.5,36.5,,,,,3.3333333333333335,7.666666666666667,0.43478260869565216
1641740,22500591,2026-01-16,MIN @ HOU,MIN,11.0,0.0,0.0,2.0,0.0,0.0,0.0,2.0,0.8,1.6,14.8,,,,,0.0,1.0,0.0
1641744,22500360,2025-12-07,MEM vs. POR,MEM,22.0,12.0,3.0,10.0,0.0,0.0,6.0,12.0,3.0,10.0,22.0,,,,,,,
1641747,22500575,2026-01-14,DEN @ DAL,DEN,5.0,3.0,0.0,2.0,0.0,0.0,0.0,3.0,0.0,3.0,10.5,,,,,1.0,3.0,0.3333333333333333
1641748,22500582,2026-01-15,MIL @ SAS,MIL,10.0,7.0,1.0,0.0,0.0,0.0,1.0,3.3333333333333335,0.6666666666666666,0.6666666666666666,6.666666666666667,,,,,0.5,2.5,0.2
1641750,22500586,2026-01-15,CHA @ LAL,CHA,15.0,9.0,1.0,6.0,0.0,0.0,1.0,9.4,1.0,6.2,19.8,,,,,0.0,0.0,
1641752,22500041,2025-11-14,DET vs. PHI,DET,5.0,2.0,0.0,0.0,0.0,0.0,0.0,1.0,0.0,0.0,4.0,,,,,0.0,0.0,
1641753,22500341,2025-12-05,CLE vs. SAS,CLE,2.0,2.0,0.0,0.0,0.0,0.0,0.0,2.0,0.0,0.0,2.0,,,,,,,
1641755,22500584,2026-01-15,NYK @ GSW,NYK,1.0,0.0,0.0,0.0,0.0,0.0,0.0,0.0,0.0,0.0,1.0,,,,,,,
1641757,22500590,2026-01-16,LAC @ TOR,,46.0,19.0,6.0,2.0,4.0,0.0,1.0,15.4,2.4,3.8,28.8,,,,,0.25,2.0,0.125
1641763,22500546,2026-01-10,CHI vs. DAL,,6.0,0.0,0.0,1.0,0.0,0.0,0.0,0.0,0.0,0.3333333333333333,3.6666666666666665,,,,,0.0,0.5,0.0
1641764,22500298,2025-11-29,GSW vs. NOP,,33.0,15.0,6.0,5.0,1.0,0.0,0.0,11.8,5.6,4.8,27.6,,,,,0.25,3.75,0.06666666666666667
1641765,22500524,2026-01-07,MEM vs. PHX,,26.0,8.0,0.0,7.0,1.0,0.0,2.0,8.0,0.0,5.0,18.5,,,,,2.0,2.0,1.0
1641767,22500295,2025-11-29,IND vs. CHI,,22.0,6.0,0.0,2.0,0.0,0.0,1.0,5.0,1.0,0.8,16.8,,,,,1.25,4.0,0.3125
1641772,0022500658,2026-01-26,CLE vs. ORL,,24.0,8.0,1.0,3.0,0.0,0.0,2.0,6.6,1.6,4.4,22.2,2.0,7.0,1.0,4.0,0.6,3.0,0.19999999999999998
1641774,22500577,2026-01-14,WAS @ LAC,,8.0,10.0,1.0,1.0,0.0,0.0,0.0,10.0,1.0,1.0,8.0,,,,,,,
1641775,22500580,2026-01-15,BOS @ MIA,,20.0,4.0,1.0,8.0,0.0,1.0,0.0,4.0,0.6,3.0,14.6,,,,,0.75,2.25,0.3333333333333333
1641780,22500410,2025-12-23,PHI vs. BKN,PHI,1.0,0.0,0.0,0.0,0.0,0.0,0.0,0.0,0.0,0.0,1.0,,,,,,,
1641783,22500072,2025-11-28,ORL @ DET,,21.0,8.0,0.0,3.0,1.0,0.0,2.0,4.0,0.5,2.0,17.25,,,,,0.6666666666666666,2.6666666666666665,0.25
1641787,22500416,2025-12-23,NYK @ MIN,,1.0,0.0,0.0,0.0,0.0,0.0,0.0,0.0,0.0,0.0,1.0,,,,,,,
1641790,22500528,2026-01-08,CHA vs. IND,CHA,11.0,2.0,1.0,4.0,0.0,0.0,2.0,2.0,1.0,4.0,11.0,,,,,,,
1641796,22500296,2025-11-29,MIA vs. DET,MIA,25.0,7.0,2.0,1.0,1.0,0.0,0.0,11.8,4.4,3.8,28.0,,,,,0.75,2.25,0.3333333333333333
1641801,22500361,2025-12-07,CHI vs. GSW,,4.0,0.0,0.0,1.0,0.0,0.0,0.0,0.0,0.0,1.0,4.0,,,,,,,
1641809,22501218,2025-12-14,CHA @ CLE,,5.0,0.0,0.0,2.0,0.0,0.0,0.0,0.0,0.0,2.0,5.0,,,,,,,
1641810,22500359,2025-12-07,CHA vs. DEN,,3.0,0.0,0.0,0.0,0.0,0.0,0.0,0.0,0.0,0.0,3.0,,,,,0.0,0.0,
1641813,22500288,2025-11-24,MIL vs. POR,,3.0,3.0,0.0,0.0,0.0,0.0,0.0,3.0,0.0,0.0,3.0,,,,,,,
1641816,22500567,2026-01-13,DEN @ NOP,,3.0,0.0,0.0,0.0,0.0,0.0,0.0,0.0,1.5,2.0,7.5,,,,,0.0,1.0,0.0
1641824,22500587,2026-01-16,CHI @ BKN,CHI,32.0,15.0,3.0,6.0,1.0,4.0,0.0,14.6,3.8,5.4,28.8,,,,,3.0,6.75,0.4444444444444444
1641842,22500296,2025-11-29,DET @ MIA,DET,23.0,10.0,3.0,0.0,3.0,0.0,1.0,8.6,1.8,3.2,19.8,,,,,0.75,1.75,0.42857142857142855
1641854,22500589,2026-01-16,CLE @ PHI,,22.0,2.0,11.0,3.0,0.0,0.0,1.0,4.4,4.4,2.8,18.2,,,,,0.75,1.75,0.42857142857142855
1641871,22500585,2026-01-15,POR vs. ATL,,13.0,8.0,0.0,3.0,0.0,1.0,0.0,8.0,0.0,3.0,13.0,,,,,,,
1641989,22500253,2025-11-18,UTA @ LAL,UTA,3.0,4.0,1.0,0.0,1.0,0.0,0.0,4.0,1.0,0.0,3.0,,,,,,,
1641998,22500479,2026-01-02,NYK vs. ATL,NYK,5.0,0.0,0.0,1.0,0.0,1.0,0.0,0.0,0.0,1.0,5.0,,,,,,,
1642066,22500553,2026-01-11,MIA @ OKC,MIA,2.0,0.0,0.0,0.0,0.0,0.0,0.0,3.2,1.8,2.2,9.2,,,,,0.5,2.0,0.25
1642258,22500519,2026-01-07,ATL vs. NOP,,34.0,25.0,0.0,8.0,0.0,1.0,3.0,25.0,0.0,8.0,34.0,,,,,,,
1642259,22500592,2026-01-16,WAS @ SAC,,28.0,19.0,3.0,4.0,0.0,1.0,2.0,21.5,2.5,5.5,33.0,,,,,1.0,3.0,0.3333333333333333
1642261,22500586,2026-01-15,LAL vs. CHA,LAL,2.0,0.0,0.0,0.0,0.0,0.0,0.0,0.0,0.0,0.0,2.0,,,,,,,
1642262,22500583,2026-01-15,UTA @ DAL,,31.0,13.0,0.0,6.0,1.0,0.0,1.0,8.6,1.0,4.0,27.4,,,,,0.5,1.5,0.3333333333333333
1642263,22500591,2026-01-16,HOU vs. MIN,,19.0,14.0,2.0,0.0,2.0,0.0,0.0,14.2,2.2,1.4,22.2,,,,,2.25,7.75,0.2903225806451613
1642264,22500582,2026-01-15,SAS vs. MIL,SAS,26.0,19.0,10.0,1.0,0.0,0.0,0.0,14.2,7.8,4.0,31.8,,,,,1.0,4.25,0.23529411764705882
1642265,22500566,2026-01-13,MIN @ MIL,MIN,8.0,5.0,0.0,2.0,0.0,0.0,1.0,2.6666666666666665,0.3333333333333333,1.3333333333333333,6.0,,,,,0.5,1.0,0.5
1642266,22500550,2026-01-11,TOR vs. PHI,,5.0,2.0,1.0,0.0,0.0,0.0,0.0,5.5,1.5,1.5,16.0,,,,,1.0,6.0,0.16666666666666666
1642267,22500592,2026-01-16,WAS @ SAC,WAS,39.0,11.0,9.0,2.0,2.0,0.0,3.0,14.0,6.5,3.25,36.5,,,,,,,
1642268,22500583,2026-01-15,UTA @ DAL,UTA,29.0,10.0,12.0,5.0,1.0,0.0,1.0,12.2,7.4,3.8,25.2,,,,,0.75,1.25,0.6
1642269,22500539,2026-01-09,SAC @ GSW,SAC,4.0,2.0,0.0,0.0,0.0,0.0,0.0,2.0,0.0,1.0,5.5,,,,,,,
1642270,22500585,2026-01-15,POR vs. ATL,POR,28.0,9.0,1.0,12.0,0.0,0.0,1.0,9.5,1.5,12.75,28.0,,,,,1.0,3.6666666666666665,0.27272727272727276
1642271,22500583,2026-01-15,UTA @ DAL,UTA,20.0,8.0,0.0,4.0,1.0,0.0,4.0,9.2,1.8,5.4,22.8,,,,,1.0,2.25,0.4444444444444444
1642272,22500572,2026-01-14,PHI vs. CLE,PHI,10.0,6.0,0.0,0.0,0.0,0.0,0.0,7.333333333333333,1.0,1.0,11.333333333333334,,,,,2.0,4.0,0.5
1642273,22500592,2026-01-16,WAS @ SAC,WAS,24.0,15.0,3.0,8.0,1.0,0.0,0.0,16.0,5.75,8.5,29.25,,,,,2.0,7.333333333333333,0.27272727272727276
1642274,22500588,2026-01-16,NOP @ IND,,20.0,2.0,0.0,3.0,0.0,3.0,2.0,6.0,1.0,7.75,24.25,,,,,0.0,0.0,
1642275,22500586,2026-01-15,CHA @ LAL,,2.0,0.0,0.0,0.0,0.0,0.0,0.0,6.666666666666667,0.0,3.6666666666666665,10.666666666666666,,,,,2.0,2.5,0.8
1642276,22500296,2025-11-29,MIA vs. DET,,22.0,12.0,0.0,7.0,1.0,1.0,2.0,13.5,1.0,5.5,20.0,,,,,1.0,3.0,0.3333333333333333
1642277,22500588,2026-01-16,IND vs. NOP,IND,29.0,7.0,2.0,4.0,1.0,1.0,1.0,6.0,1.8,6.0,23.4,,,,,0.75,2.5,0.3
1642278,22500584,2026-01-15,NYK @ GSW,NYK,11.0,0.0,5.0,2.0,0.0,0.0,2.0,2.6666666666666665,1.6666666666666667,0.6666666666666666,8.0,,,,,0.5,1.0,0.5
1642280,22500361,2025-12-07,CHI vs. GSW,,4.0,4.0,0.0,1.0,0.0,0.0,1.0,4.0,0.0,1.0,4.0,,,,,,,
1642281,22500589,2026-01-16,CLE @ PHI,,38.0,39.0,4.0,5.0,0.0,0.0,4.0,20.2,4.0,6.6,34.4,,,,,2.25,5.5,0.4090909090909091
1642282,22500410,2025-12-23,PHI vs. BKN,,1.0,0.0,0.0,0.0,0.0,0.0,0.0,0.0,0.0,0.0,1.0,,,,,,,
1642285,22500307,2025-11-30,MEM @ SAC,,21.0,16.0,3.0,0.0,1.0,0.0,4.0,13.25,7.75,3.0,24.25,,,,,2.0,4.666666666666667,0.42857142857142855
1642345,22500299,2025-11-29,PHX vs. DEN,PHX,32.0,8.0,3.0,8.0,2.0,0.0,1.0,7.8,2.0,6.2,24.8,,,,,0.0,0.0,
1642346,22500579,2026-01-15,PHX @ DET,PHX,19.0,5.0,1.0,3.0,0.0,0.0,1.0,3.6,0.4,3.2,13.6,,,,,0.25,1.25,0.2
1642347,22500303,2025-11-30,TOR @ NYK,,17.0,2.0,5.0,1.0,4.0,0.0,1.0,7.2,5.8,2.8,24.8,,,,,1.5,3.25,0.46153846153846156
1642348,22500572,2026-01-14,PHI vs. CLE,PHI,7.0,6.0,0.0,0.0,1.0,0.0,0.0,3.75,1.0,0.5,9.0,,,,,0.3333333333333333,1.0,0.3333333333333333
1642349,22500305,2025-11-30,OKC @ POR,,29.0,17.0,5.0,5.0,1.0,0.0,1.0,13.333333333333334,5.333333333333333,3.3333333333333335,26.333333333333332,,,,,1.0,1.5,0.6666666666666666
1642352,22500553,2026-01-11,MIA @ OKC,MIA,2.0,0.0,0.0,0.0,0.0,0.0,0.0,1.6666666666666667,0.0,0.3333333333333333,3.0,,,,,0.5,0.5,1.0
1642353,22500590,2026-01-16,LAC @ TOR,LAC,20.0,16.0,1.0,5.0,0.0,0.0,1.0,8.0,1.25,3.25,19.0,,,,,0.3333333333333333,1.3333333333333333,0.25
1642354,22500371,2025-12-18,CHA vs. ATL,,13.0,4.0,2.0,0.0,1.0,0.0,2.0,4.0,2.0,0.0,13.0,,,,,,,
1642355,22500586,2026-01-15,LAL vs. CHA,LAL,2.0,0.0,0.0,0.0,0.0,0.0,0.0,0.0,0.0,0.0,2.0,,,,,,,
1642357,22500523,2026-01-07,SAS vs. LAL,SAS,1.0,0.0,0.0,1.0,0.0,0.0,0.0,0.0,0.0,1.0,1.0,,,,,,,
1642358,22500592,2026-01-16,WAS @ SAC,WAS,11.0,4.0,0.0,3.0,1.0,0.0,1.0,4.0,0.0,3.0,11.0,,,,,,,
1642359,22500584,2026-01-15,NYK @ GSW,NYK,1.0,2.0,0.0,0.0,0.0,0.0,0.0,0.6666666666666666,0.6666666666666666,0.0,3.6666666666666665,,,,,0.0,0.0,
1642363,22500592,2026-01-16,SAC vs. WAS,SAC,19.0,9.0,3.0,7.0,0.0,0.0,1.0,8.2,1.6,4.2,22.2,,,,,0.75,3.25,0.23076923076923078
1642364,22500592,2026-01-16,WAS @ SAC,,26.0,6.0,0.0,2.0,2.0,0.0,2.0,5.25,1.25,5.0,23.0,,,,,0.3333333333333333,2.3333333333333335,0.14285714285714285
1642366,22500298,2025-11-29,GSW vs. NOP,,17.0,8.0,2.0,2.0,0.0,1.0,1.0,8.0,0.4,3.6,17.0,,,,,1.5,4.0,0.375
1642367,22500571,2026-01-14,TOR @ IND,,1.0,0.0,0.0,0.0,0.0,0.0,0.0,1.25,0.0,3.75,9.75,,,,,0.0,0.0,
1642368,22500185,2025-11-08,ATL vs. LAL,ATL,2.0,0.0,0.0,0.0,0.0,0.0,0.0,0.0,0.0,0.0,2.0,,,,,,,
1642377,0022500662,2026-01-26,MEM @ HOU,,26.0,12.0,0.0,6.0,1.0,0.0,2.0,13.666666666666666,1.0,4.333333333333333,25.666666666666668,4.0,13.0,1.0,6.0,1.3333333333333333,6.0,0.2222222222222222
1642382,22500553,2026-01-11,OKC vs. MIA,OKC,2.0,0.0,0.0,0.0,0.0,0.0,0.0,3.6666666666666665,0.3333333333333333,2.0,8.333333333333334,,,,,,,
1642383,22500583,2026-01-15,UTA @ DAL,UTA,31.0,15.0,7.0,2.0,1.0,0.0,2.0,7.4,3.4,1.8,23.0,,,,,0.25,2.5,0.1
1642384,22500356,2025-12-06,HOU @ DAL,HOU,2.0,0.0,0.0,0.0,0.0,0.0,0.0,0.0,0.0,0.0,2.0,,,,,,,
1642403,22500242,2025-11-17,DET vs. IND,DET,1.0,2.0,0.0,0.0,0.0,0.0,0.0,2.0,0.0,0.0,1.0,,,,,,,
1642404,22500517,2026-01-07,DET vs. CHI,DET,12.0,8.0,1.0,1.0,0.0,0.0,0.0,5.0,0.5,1.5,8.5,,,,,0.0,0.0,
1642419,22500571,2026-01-14,TOR @ IND,TOR,20.0,5.0,1.0,3.0,0.0,0.0,2.0,5.0,1.0,2.0,13.0,,,,,1.3333333333333333,2.3333333333333335,0.5714285714285714
1642434,22500154,2025-11-02,SAS @ PHX,,5.0,9.0,0.0,1.0,1.0,0.0,0.0,9.0,0.0,1.0,5.0,,,,,,,
1642443,22500354,2025-12-06,MIA vs. SAC,,8.0,0.0,1.0,1.0,1.0,0.0,1.0,0.0,1.0,1.0,8.0,,,,,,,
1642449,22500544,2026-01-10,DET vs. LAC,,26.0,9.0,1.0,14.0,1.0,4.0,2.0,9.0,1.0,14.0,26.0,,,,,,,
1642450,22500579,2026-01-15,DET vs. PHX,DET,6.0,5.0,3.0,0.0,1.0,1.0,0.0,10.75,4.25,1.0,18.75,,,,,2.0,5.0,0.4
1642461,22500575,2026-01-14,DEN @ DAL,DEN,32.0,10.0,2.0,5.0,0.0,0.0,1.0,8.25,1.0,5.0,33.75,,,,,1.6666666666666667,3.6666666666666665,0.4545454545454546
1642484,22500369,2025-12-18,LAC @ OKC,ATL,4.0,0.0,0.0,2.0,0.0,0.0,1.0,0.0,0.0,2.0,4.0,,,,,,,
1642843,22500300,2025-11-29,DAL @ LAC,DAL,38.0,35.0,2.0,8.0,0.0,0.0,3.0,22.5,3.25,8.25,32.5,,,,,1.0,4.666666666666667,0.21428571428571427
1642844,22500582,2026-01-15,SAS vs. MIL,SAS,25.0,13.0,5.0,4.0,0.0,0.0,1.0,9.0,4.0,3.8,20.6,,,,,0.25,1.5,0.16666666666666666
1642845,22500589,2026-01-16,PHI vs. CLE,PHI,35.0,10.0,4.0,4.0,0.0,1.0,3.0,13.4,2.8,5.4,35.4,,,,,1.25,5.25,0.23809523809523808
1642846,22500583,2026-01-15,UTA @ DAL,UTA,30.0,15.0,3.0,5.0,2.0,2.0,3.0,16.0,2.4,4.4,30.0,,,,,1.75,4.75,0.3684210526315789
1642847,22500308,2025-11-30,NOP @ LAL,NOP,27.0,21.0,3.0,2.0,1.0,0.0,1.0,13.25,1.75,3.0,21.5,,,,,0.6666666666666666,3.0,0.2222222222222222
1642848,22500592,2026-01-16,WAS @ SAC,WAS,30.0,18.0,4.0,2.0,1.0,1.0,1.0,19.5,4.5,1.5,32.75,,,,,4.0,9.666666666666666,0.4137931034482759
1642849,22500587,2026-01-16,BKN vs. CHI,,28.0,8.0,7.0,2.0,1.0,0.0,2.0,9.75,3.5,1.75,26.5,,,,,1.0,2.6666666666666665,0.375
1642851,22500294,2025-11-29,CHA vs. TOR,CHA,37.0,20.0,4.0,6.0,2.0,0.0,2.0,16.4,3.8,7.8,29.6,,,,,2.0,7.25,0.27586206896551724
1642852,22500308,2025-11-30,NOP @ LAL,,28.0,15.0,3.0,7.0,1.0,0.0,1.0,8.0,4.25,6.0,23.75,,,,,0.0,0.3333333333333333,0.0
1642853,22500579,2026-01-15,PHX @ DET,PHX,3.0,0.0,0.0,0.0,0.0,0.0,0.0,0.0,0.0,1.0,3.0,,,,,0.0,0.0,
1642854,22500569,2026-01-13,ATL @ LAL,,10.0,0.0,2.0,1.0,1.0,0.0,0.0,3.0,1.0,0.5,11.0,,,,,0.0,1.0,0.0
1642855,22500289,2025-11-24,CHI @ NOP,CHI,2.0,0.0,0.0,0.0,1.0,0.0,0.0,0.0,0.0,0.0,2.0,,,,,,,
1642856,22500587,2026-01-16,BKN vs. CHI,BKN,19.0,5.0,2.0,0.0,0.0,1.0,1.0,7.25,3.0,1.75,22.5,,,,,2.3333333333333335,6.333333333333333,0.368421052631579
1642857,22500580,2026-01-15,MIA vs. BOS,MIA,27.0,12.0,8.0,5.0,0.0,0.0,3.0,7.0,3.0,3.6,19.0,,,,,,,
1642859,22500548,2026-01-11,ORL vs. NOP,,7.0,3.0,0.0,0.0,0.0,0.0,0.0,2.25,0.5,1.0,12.5,,,,,0.0,1.6666666666666667,0.0
1642860,22500592,2026-01-16,WAS @ SAC,,22.0,6.0,2.0,1.0,0.0,0.0,2.0,6.75,1.0,1.75,21.0,,,,,1.3333333333333333,4.0,0.3333333333333333
1642862,22500528,2026-01-08,CHA vs. IND,,11.0,2.0,1.0,1.0,0.0,0.0,0.0,2.0,1.0,1.0,11.0,,,,,,,
1642863,22500555,2026-01-11,PHX vs. WAS,PHX,5.0,0.0,0.0,1.0,0.0,0.0,1.0,1.0,0.0,1.0,4.0,,,,,0.0,0.0,
1642864,22500580,2026-01-15,BOS @ MIA,BOS,14.0,2.0,0.0,4.0,0.0,0.0,0.0,4.4,0.6,2.8,13.8,,,,,1.0,1.5,0.6666666666666666
1642866,22500591,2026-01-16,MIN @ HOU,MIN,7.0,0.0,0.0,1.0,0.0,0.0,0.0,2.0,0.0,2.2,6.0,,,,,0.0,0.0,
1642867,22500590,2026-01-16,TOR vs. LAC,,35.0,11.0,3.0,4.0,0.0,2.0,3.0,11.0,3.0,4.0,35.0,,,,,,,
1642868,22500582,2026-01-15,SAS vs. MIL,SAS,20.0,2.0,0.0,5.0,1.0,0.0,1.0,6.0,0.2,2.8,13.0,,,,,1.0,3.0,0.3333333333333333
1642869,22500578,2026-01-15,ORL vs. MEM,,18.0,9.0,2.0,5.0,0.0,1.0,2.0,6.75,1.75,3.25,16.75,,,,,0.6666666666666666,1.6666666666666667,0.39999999999999997
1642873,22500338,2025-12-05,BOS vs. LAL,,2.0,0.0,0.0,0.0,0.0,0.0,0.0,2.8,0.4,1.8,9.4,,,,,0.0,0.0,
1642874,22500587,2026-01-16,BKN vs. CHI,,19.0,13.0,4.0,4.0,1.0,1.0,0.0,8.4,2.2,4.6,17.6,,,,,1.0,3.25,0.3076923076923077
1642875,22500592,2026-01-16,SAC vs. WAS,,22.0,4.0,5.0,8.0,1.0,0.0,1.0,4.2,1.4,5.6,18.6,,,,,0.25,1.25,0.2
1642876,22500460,2025-12-30,LAL vs. DET,,4.0,0.0,1.0,3.0,0.0,1.0,0.0,0.0,1.0,3.0,4.0,,,,,,,
1642877,22500567,2026-01-13,NOP vs. DEN,,12.0,2.0,0.0,1.0,1.0,0.0,0.0,5.25,0.5,3.0,18.25,,,,,1.0,3.6666666666666665,0.27272727272727276
1642878,22500589,2026-01-16,CLE @ PHI,,11.0,13.0,1.0,2.0,2.0,0.0,0.0,7.4,1.0,1.2,9.8,,,,,1.5,2.25,0.6666666666666666
1642879,22500350,2025-12-06,BKN vs. NOP,,20.0,7.0,4.0,1.0,0.0,0.0,1.0,6.5,2.0,0.5,18.5,,,,,0.0,1.0,0.0
1642880,22500571,2026-01-14,IND vs. TOR,IND,1.0,0.0,0.0,0.0,0.0,0.0,0.0,0.0,0.6666666666666666,0.3333333333333333,2.0,,,,,0.0,0.0,
1642883,22500294,2025-11-29,CHA vs. TOR,CHA,30.0,2.0,2.0,6.0,1.0,1.0,0.0,3.0,1.8,3.2,21.4,,,,,0.25,1.5,0.16666666666666666
1642884,22500381,2025-12-19,MIA @ BOS,MIA,1.0,0.0,1.0,0.0,0.0,0.0,0.0,0.0,1.0,0.0,1.0,,,,,,,
1642885,22500584,2026-01-15,NYK @ GSW,NYK,1.0,0.0,0.0,0.0,0.0,0.0,0.0,3.0,0.3333333333333333,1.3333333333333333,4.0,,,,,0.5,0.5,1.0
1642886,22500299,2025-11-29,PHX vs. DEN,PHX,4.0,0.0,1.0,1.0,0.0,0.0,0.0,0.0,1.0,1.0,4.0,,,,,,,
1642905,22500570,2026-01-13,POR @ GSW,,13.0,3.0,1.0,2.0,0.0,0.0,1.0,1.5,0.5,2.5,10.0,,,,,0.0,0.0,
1642907,22500307,2025-11-30,MEM @ SAC,MEM,29.0,10.0,2.0,7.0,0.0,0.0,2.0,12.0,2.0,6.0,28.25,,,,,2.0,4.666666666666667,0.42857142857142855
1642914,22500524,2026-01-07,MEM vs. PHX,,21.0,14.0,7.0,3.0,1.0,1.0,5.0,10.5,4.5,1.5,15.0,,,,,1.0,1.0,1.0
1642918,22500590,2026-01-16,TOR vs. LAC,TOR,11.0,5.0,1.0,0.0,0.0,0.0,0.0,3.5,0.5,0.0,6.5,,,,,0.0,0.0,
1642920,22500590,2026-01-16,LAC @ TOR,,37.0,13.0,0.0,3.0,3.0,0.0,1.0,9.8,1.4,3.2,27.6,,,,,1.5,3.0,0.5
1642928,22500592,2026-01-16,SAC vs. WAS,SAC,19.0,8.0,1.0,9.0,0.0,0.0,1.0,5.2,2.2,9.2,23.0,,,,,,,
1642935,22501202,2025-12-09,TOR vs. NYK,TOR,8.0,0.0,2.0,0.0,0.0,0.0,1.0,0.0,2.0,0.0,8.0,,,,,,,
1642938,22500507,2026-01-05,DEN @ PHI,DEN,8.0,0.0,0.0,1.0,0.0,0.0,0.0,2.5,1.0,1.0,8.5,,,,,1.0,3.0,0.3333333333333333
1642939,22500583,2026-01-15,DAL vs. UTA,DAL,22.0,9.0,1.0,0.0,2.0,0.0,0.0,3.0,0.6666666666666666,0.3333333333333333,8.333333333333334,,,,,0.0,0.0,
1642948,22500583,2026-01-15,DAL vs. UTA,,23.0,8.0,10.0,4.0,0.0,0.0,2.0,4.75,5.0,2.25,15.25,,,,,0.3333333333333333,1.0,0.3333333333333333
1642949,22500590,2026-01-16,LAC @ TOR,,14.0,5.0,0.0,2.0,0.0,0.0,1.0,4.333333333333333,0.0,2.6666666666666665,11.0,,,,,0.0,0.5,0.0
1642950,22500546,2026-01-10,CHI vs. DAL,,3.0,0.0,1.0,1.0,0.0,0.0,0.0,0.0,0.6666666666666666,1.0,2.6666666666666665,,,,,0.0,0.0,
1642954,22500584,2026-01-15,GSW vs. NYK,,15.0,3.0,0.0,0.0,0.0,0.0,0.0,3.4,1.4,0.8,20.6,,,,,0.5,3.75,0.13333333333333333
1642959,22500581,2026-01-15,OKC @ HOU,,3.0,0.0,0.0,1.0,0.0,1.0,0.0,2.0,0.0,0.6666666666666666,2.6666666666666665,,,,,1.0,1.0,1.0
1642962,22500587,2026-01-16,BKN vs. CHI,,24.0,3.0,3.0,0.0,1.0,0.0,1.0,6.2,2.4,1.2,23.8,,,,,1.25,4.25,0.29411764705882354
1642964,22500536,2026-01-09,OKC @ MEM,OKC,7.0,0.0,0.0,2.0,0.0,0.0,0.0,0.0,0.0,1.5,7.25,,,,,0.0,0.0,
1643007,22500476,2026-01-02,IND vs. SAS,,1.0,0.0,0.0,0.0,0.0,0.0,0.0,0.0,0.0,0.0,1.0,,,,,,,
1643024,22500523,2026-01-07,LAL @ SAS,LAL,1.0,0.0,0.0,0.0,0.0,0.0,0.0,0.0,0.0,0.0,1.0,,,,,,,
1643141,22500327,2025-12-03,LAC @ ATL,,3.0,0.0,0.0,0.0,0.0,0.0,0.0,0.0,0.0,0.0,3.0,,,,,,,
